date,description,merchant,txn_id,amount_signed,amount_spend,category,category_source,bank_category,bank_category_clean,description_norm,Transaction Date,Post Date,Description,Category,Type,Amount,Memo,amount,source
2025-04-17,UBER   *TRIP,uber trip,0e8a5102c431814c134d21cee61a635a9d044a9a,-4.98,4.98,Travel,bank,Travel,Travel,uber trip,04/17/2025,04/17/2025,UBER   *TRIP,Travel,Sale,-4.98,,4.98,my_bank_statement_copy
2025-04-17,TRADER JOE S #706,trader joe s,8cc5664543a671065f86604b65a6fa990918a506,-16.18,16.18,Groceries,bank,Groceries,Groceries,trader joe s 706,04/17/2025,04/20/2025,TRADER JOE S #706,Groceries,Sale,-16.18,,16.18,my_bank_statement_copy
2025-04-17,WHOLEFDS HDP#10458,wholefds hdp,a3b2fc0d3a14691e8a28e6e2ad833d8d5b70ece7,-2.82,2.82,Groceries,bank,Groceries,Groceries,wholefds hdp10458,04/17/2025,04/18/2025,WHOLEFDS HDP#10458,Groceries,Sale,-2.82,,2.82,my_bank_statement_copy
2025-04-18,CTLP*MARK VEND COMPANY,ctlpmark vend company,6466b862070c8e01e33512795eff9c957d265b28,-1.85,1.85,Dining,bank,Food & Drink,Dining,ctlpmark vend company,04/18/2025,04/20/2025,CTLP*MARK VEND COMPANY,Food & Drink,Sale,-1.85,,1.85,my_bank_statement_copy
2025-04-18,CTLP*MARK VEND COMPANY,ctlpmark vend company,884e7a1028392b1b479e6ae6b1f62b4154db732c,-2.0,2.0,Dining,bank,Food & Drink,Dining,ctlpmark vend company,04/18/2025,04/20/2025,CTLP*MARK VEND COMPANY,Food & Drink,Sale,-2.0,,2.0,my_bank_statement_copy
2025-04-18,TST*PEQUODS PIZZA - CHI,tstpequods pizza chi,2e927ba9538db23edb7ecb10da526f1d78e6971d,-76.74,76.74,Dining,bank,Food & Drink,Dining,tstpequods pizza chi,04/18/2025,04/20/2025,TST*PEQUODS PIZZA - CHI,Food & Drink,Sale,-76.74,,76.74,my_bank_statement_copy
2025-04-19,TST* NICK'S BEER GARDEN,tst nicks beer,fc20955a4fb97da8382af1eb6483f9b81c4b8482,-19.0,19.0,Dining,bank,Food & Drink,Dining,tst nicks beer garden,04/19/2025,04/20/2025,TST* NICK'S BEER GARDEN,Food & Drink,Sale,-19.0,,19.0,my_bank_statement_copy
2025-04-20,DD/BR #349441 Q35,dd br q,3d880fc31a4e25ee47a175a650f449bac523d085,-6.19,6.19,Dining,bank,Food & Drink,Dining,dd br 349441 q35,04/20/2025,04/21/2025,DD/BR #349441 Q35,Food & Drink,Sale,-6.19,,6.19,my_bank_statement_copy
2025-04-22,THE HARPER THEATER-F&amp;B,the harper theater,237048d991adeb20f8b9e1b47ff9774ccf3d127e,-13.44,13.44,Entertainment,bank,Entertainment,Entertainment,the harper theater fampb,04/22/2025,04/24/2025,THE HARPER THEATER-F&amp;B,Entertainment,Sale,-13.44,,13.44,my_bank_statement_copy
2025-04-22,THE HARPER THEATER-F&amp;B,the harper theater,c3a892fc18e75127872465b9b8fdba5d1396a917,-7.3,7.3,Entertainment,bank,Entertainment,Entertainment,the harper theater fampb,04/22/2025,04/24/2025,THE HARPER THEATER-F&amp;B,Entertainment,Sale,-7.3,,7.3,my_bank_statement_copy
2025-04-25,TST*LABRIOLA - CHICAGO 5,tstlabriola chicago,5325024e673da19db7dfb8e92d6a60020d6058c3,-140.0,140.0,Dining,bank,Food & Drink,Dining,tstlabriola chicago 5,04/25/2025,04/27/2025,TST*LABRIOLA - CHICAGO 5,Food & Drink,Sale,-140.0,,140.0,my_bank_statement_copy
2025-04-28,CTLP*MARK VEND COMPANY,ctlpmark vend company,6b08e8dd016ad906b6b332aa0c04d330e861f047,-1.85,1.85,Dining,bank,Food & Drink,Dining,ctlpmark vend company,04/28/2025,04/29/2025,CTLP*MARK VEND COMPANY,Food & Drink,Sale,-1.85,,1.85,my_bank_statement_copy
2025-04-28,CTLP*MARK VEND COMPANY,ctlpmark vend company,8f28563b1a1d19cde1c96fb3f2e21026060d47de,-2.0,2.0,Dining,bank,Food & Drink,Dining,ctlpmark vend company,04/28/2025,04/29/2025,CTLP*MARK VEND COMPANY,Food & Drink,Sale,-2.0,,2.0,my_bank_statement_copy
2025-04-28,CTLP*MARK VEND COMPANY,ctlpmark vend company,6b08e8dd016ad906b6b332aa0c04d330e861f047,-1.85,1.85,Dining,bank,Food & Drink,Dining,ctlpmark vend company,04/28/2025,04/29/2025,CTLP*MARK VEND COMPANY,Food & Drink,Sale,-1.85,,1.85,my_bank_statement_copy
2025-04-30,TARGET        00032193,target,fa7a25c7c9c046b7a92302895ba3ef8a0e89504f,-13.15,13.15,Shopping,bank,Shopping,Shopping,target 00032193,04/30/2025,05/01/2025,TARGET        00032193,Shopping,Sale,-13.15,,13.15,my_bank_statement_copy
2025-05-01,UBER   *TRIP,uber trip,68fe6b14351bf157f7fe42c793311e3ca596a003,-5.91,5.91,Travel,bank,Travel,Travel,uber trip,05/01/2025,05/02/2025,UBER   *TRIP,Travel,Sale,-5.91,,5.91,my_bank_statement_copy
2025-05-01,AMC 9640 ONLINE,amc,d4b369b39b5ec9b797df871f9d44139a7e6590aa,-25.7,25.7,Entertainment,bank,Entertainment,Entertainment,amc 9640 online,05/01/2025,05/02/2025,AMC 9640 ONLINE,Entertainment,Sale,-25.7,,25.7,my_bank_statement_copy
2025-05-01,TST*MEDICI GALLERY ON 57,tstmedici gallery on,a92021ce4e0f200ccb0e5d680ec11d95e7b4b4da,-47.1,47.1,Dining,bank,Food & Drink,Dining,tstmedici gallery on 57,05/01/2025,05/04/2025,TST*MEDICI GALLERY ON 57,Food & Drink,Sale,-47.1,,47.1,my_bank_statement_copy
2025-05-01,Subway 10056,subway,5e3f7e9c6764eda088a8b70066fa875539965fbd,-3.87,3.87,Dining,bank,Food & Drink,Dining,subway 10056,05/01/2025,05/01/2025,Subway 10056,Food & Drink,Sale,-3.87,,3.87,my_bank_statement_copy
2025-05-02,UBER   *TRIP,uber trip,d635e1cbb51710eb075181549da4277a9abe0d8e,-5.94,5.94,Travel,bank,Travel,Travel,uber trip,05/02/2025,05/02/2025,UBER   *TRIP,Travel,Sale,-5.94,,5.94,my_bank_statement_copy
2025-05-02,TARGET        00032193,target,84529be2d4a528055844ad1299f19d754cb132d2,-2.54,2.54,Shopping,bank,Shopping,Shopping,target 00032193,05/02/2025,05/04/2025,TARGET        00032193,Shopping,Sale,-2.54,,2.54,my_bank_statement_copy
2025-05-04,VICTORIA'S SECRET 0600,victorias secret,7c59cf84a552350f3df19a1799098b4d6217d9f5,-44.06,44.06,Shopping,bank,Shopping,Shopping,victorias secret 0600,05/04/2025,05/06/2025,VICTORIA'S SECRET 0600,Shopping,Sale,-44.06,,44.06,my_bank_statement_copy
2025-05-05,ETT*Vue53RENT,ettvuerent,10cce4301ab3f3c97dc8e7d63b064e11a5d28c9b,-450.0,450.0,Bills,bank,Professional Services,Bills,ettvue53rent,05/05/2025,05/06/2025,ETT*Vue53RENT,Professional Services,Sale,-450.0,,450.0,my_bank_statement_copy
2025-05-05,WB Studio Enterprises Inc,wb studio enterprises,842ba9738cfce20766253bc90a54b0ec6d14e0e0,-29.77,29.77,Entertainment,bank,Entertainment,Entertainment,wb studio enterprises inc,05/05/2025,05/05/2025,WB Studio Enterprises Inc,Entertainment,Sale,-29.77,,29.77,my_bank_statement_copy
2025-05-06,TARGET        00032193,target,d0205beccdfd541c46233cdfc31ddecc82a9482b,-5.93,5.93,Shopping,bank,Shopping,Shopping,target 00032193,05/06/2025,05/07/2025,TARGET        00032193,Shopping,Sale,-5.93,,5.93,my_bank_statement_copy
2025-05-07,TRADER JOE S #706,trader joe s,c554536a07049e3410d3b0181338b9889aad70f5,-69.55,69.55,Groceries,bank,Groceries,Groceries,trader joe s 706,05/07/2025,05/09/2025,TRADER JOE S #706,Groceries,Sale,-69.55,,69.55,my_bank_statement_copy
2025-05-07,LYFT   *RIDE WED 9AM,lyft ride wed,d462da8b57f81f0de49a3973d46c81d131652a09,-7.64,7.64,Travel,bank,Travel,Travel,lyft ride wed 9am,05/07/2025,05/08/2025,LYFT   *RIDE WED 9AM,Travel,Sale,-7.64,,7.64,my_bank_statement_copy
2025-05-07,Sunday*RAMEN SAN River No,sundayramen san river,7902f59aece76c0698c7d9313ff90d20f6447592,-26.68,26.68,Dining,bank,Food & Drink,Dining,sundayramen san river no,05/07/2025,05/07/2025,Sunday*RAMEN SAN River No,Food & Drink,Sale,-26.68,,26.68,my_bank_statement_copy
2025-05-07,LYFT   *RIDE TUE 8PM,lyft ride tue,85e1d4370b85634b611bd0d998fdd439bf9b8af8,-15.72,15.72,Travel,bank,Travel,Travel,lyft ride tue 8pm,05/07/2025,05/07/2025,LYFT   *RIDE TUE 8PM,Travel,Sale,-15.72,,15.72,my_bank_statement_copy
2025-05-08,TARGET        00032193,target,2bcc32f75629d9cc63e4b5707cce76c1d7c95e2d,-20.57,20.57,Shopping,bank,Shopping,Shopping,target 00032193,05/08/2025,05/09/2025,TARGET        00032193,Shopping,Sale,-20.57,,20.57,my_bank_statement_copy
2025-05-08,UBER   *TRIP,uber trip,d294f403cf226e62649e61bce5baaa7d50ffa7fa,-6.95,6.95,Travel,bank,Travel,Travel,uber trip,05/08/2025,05/09/2025,UBER   *TRIP,Travel,Sale,-6.95,,6.95,my_bank_statement_copy
2025-05-10,LYFT   *RIDE FRI 3PM,lyft ride fri,1fada71c8f78763af6686eb3d405ede7a0c2f8b0,-6.99,6.99,Travel,bank,Travel,Travel,lyft ride fri 3pm,05/10/2025,05/11/2025,LYFT   *RIDE FRI 3PM,Travel,Sale,-6.99,,6.99,my_bank_statement_copy
2025-05-10,Payment Thank You-Mobile,thank you mobile,0dc172bf3720e5bcc8d1bc3b05a0498e3c6e66b8,600.0,0.0,EXCLUDE,payment,,,payment thank you mobile,05/10/2025,05/11/2025,Payment Thank You-Mobile,,Payment,600.0,,0.0,my_bank_statement_copy
2025-05-10,Payment Thank You-Mobile,thank you mobile,afcd9bc9315d6951eed3dddca1b20f34dac95eea,160.0,0.0,EXCLUDE,payment,,,payment thank you mobile,05/10/2025,05/11/2025,Payment Thank You-Mobile,,Payment,160.0,,0.0,my_bank_statement_copy
2025-05-11,LYFT   *CANCEL FEE,lyft cancel fee,c7408c69c320eb427d3cd2f17e7b440287a2aaf1,-1.0,1.0,Travel,bank,Travel,Travel,lyft cancel fee,05/11/2025,05/12/2025,LYFT   *CANCEL FEE,Travel,Sale,-1.0,,1.0,my_bank_statement_copy
2025-05-11,LYFT   *RIDE SAT 9PM,lyft ride sat,113d8b9a7281b18c2098c6b66a13d1fd8e03d233,-7.81,7.81,Travel,bank,Travel,Travel,lyft ride sat 9pm,05/11/2025,05/11/2025,LYFT   *RIDE SAT 9PM,Travel,Sale,-7.81,,7.81,my_bank_statement_copy
2025-05-12,LYFT   *RIDE SUN 4AM,lyft ride sun,d46b3b4e5e5a7caf24dcc30df4910ea2a6eda479,-9.98,9.98,Travel,bank,Travel,Travel,lyft ride sun 4am,05/12/2025,05/13/2025,LYFT   *RIDE SUN 4AM,Travel,Sale,-9.98,,9.98,my_bank_statement_copy
2025-05-12,CTLP*MARK VEND COMPANY,ctlpmark vend company,0471f0b6cd4fa8ac9c07e1734b85a45432ca2c5f,-1.85,1.85,Dining,bank,Food & Drink,Dining,ctlpmark vend company,05/12/2025,05/13/2025,CTLP*MARK VEND COMPANY,Food & Drink,Sale,-1.85,,1.85,my_bank_statement_copy
2025-05-12,CTLP*MARK VEND COMPANY,ctlpmark vend company,0471f0b6cd4fa8ac9c07e1734b85a45432ca2c5f,-1.85,1.85,Dining,bank,Food & Drink,Dining,ctlpmark vend company,05/12/2025,05/13/2025,CTLP*MARK VEND COMPANY,Food & Drink,Sale,-1.85,,1.85,my_bank_statement_copy
2025-05-13,CTLP*MARK VEND COMPANY,ctlpmark vend company,bee224142a2db98f4cd71f93739b66bebacaac94,-1.85,1.85,Dining,bank,Food & Drink,Dining,ctlpmark vend company,05/13/2025,05/14/2025,CTLP*MARK VEND COMPANY,Food & Drink,Sale,-1.85,,1.85,my_bank_statement_copy
2025-05-14,CTLP*MARK VEND COMPANY,ctlpmark vend company,80fa169a834bda9cc397f62f07f71e87caa7a00f,-2.0,2.0,Dining,bank,Food & Drink,Dining,ctlpmark vend company,05/14/2025,05/15/2025,CTLP*MARK VEND COMPANY,Food & Drink,Sale,-2.0,,2.0,my_bank_statement_copy
2025-05-15,SQ *TRUENORTH CAFE HYDE P,sq truenorth cafe,b34ecb03ef083b25a2e8bed07202439f173c723f,-13.62,13.62,Dining,bank,Food & Drink,Dining,sq truenorth cafe hyde p,05/15/2025,05/16/2025,SQ *TRUENORTH CAFE HYDE P,Food & Drink,Sale,-13.62,,13.62,my_bank_statement_copy
2025-05-15,SQ *TRUENORTH CAFE HYDE P,sq truenorth cafe,a4e7a3602e3d9ce2c8bf7b39212c23f360e09584,-11.58,11.58,Dining,bank,Food & Drink,Dining,sq truenorth cafe hyde p,05/15/2025,05/16/2025,SQ *TRUENORTH CAFE HYDE P,Food & Drink,Sale,-11.58,,11.58,my_bank_statement_copy
2025-05-17,DD/BR #349441 Q35,dd br q,d22f31173f52a05203c40f7354c61a934d6b5abb,-9.97,9.97,Dining,bank,Food & Drink,Dining,dd br 349441 q35,05/17/2025,05/18/2025,DD/BR #349441 Q35,Food & Drink,Sale,-9.97,,9.97,my_bank_statement_copy
2025-05-18,UCD C SHOP,ucd c shop,4e13aaf59bca03b8d3715171162a5c3bb35896d1,-11.35,11.35,Dining,bank,Food & Drink,Dining,ucd c shop,05/18/2025,05/20/2025,UCD C SHOP,Food & Drink,Sale,-11.35,,11.35,my_bank_statement_copy
2025-05-20,SHEIN.COM,sheincom,fb8ab82799848b958afd9646c86b31b3b749295f,-52.81,52.81,Shopping,bank,Shopping,Shopping,sheincom,05/20/2025,05/21/2025,SHEIN.COM,Shopping,Sale,-52.81,,52.81,my_bank_statement_copy
2025-05-21,TST*PARLOR PIZZA - RIVER,tstparlor pizza river,d568329eb4a75cbf2f1fe37e90c5c194e7e05cc2,-70.58,70.58,Dining,bank,Food & Drink,Dining,tstparlor pizza river,05/21/2025,05/22/2025,TST*PARLOR PIZZA - RIVER,Food & Drink,Sale,-70.58,,70.58,my_bank_statement_copy
2025-05-21,TRADER JOE S #706,trader joe s,b16f6c16859b2b108e6809afdcee42236951b437,-5.5,5.5,Groceries,bank,Groceries,Groceries,trader joe s 706,05/21/2025,05/23/2025,TRADER JOE S #706,Groceries,Sale,-5.5,,5.5,my_bank_statement_copy
2025-05-22,TST*THEORY CHICAGO,tsttheory chicago,90f8b60dcd9475a4624e7bd6c8810fa1dabec548,-42.97,42.97,Dining,bank,Food & Drink,Dining,tsttheory chicago,05/22/2025,05/23/2025,TST*THEORY CHICAGO,Food & Drink,Sale,-42.97,,42.97,my_bank_statement_copy
2025-05-22,LYFT   *RIDE WED 10AM,lyft ride wed,afb2ba1aee22593b10d65dcb23474424a023edb7,-6.45,6.45,Travel,bank,Travel,Travel,lyft ride wed 10am,05/22/2025,05/23/2025,LYFT   *RIDE WED 10AM,Travel,Sale,-6.45,,6.45,my_bank_statement_copy
2025-05-24,Subway 7659,subway,f6f221bb6b3605980277acf63a79a7d0b959550b,-7.81,7.81,Dining,bank,Food & Drink,Dining,subway 7659,05/24/2025,05/25/2025,Subway 7659,Food & Drink,Sale,-7.81,,7.81,my_bank_statement_copy
2025-05-24,BetterMe Inc-Pilates,betterme inc pilates,e9a16c6c41772e4fa2b63e0386aab40acfec665e,-13.33,13.33,Groceries,bank,Health & Wellness,Health,betterme inc pilates,05/24/2025,05/25/2025,BetterMe Inc-Pilates,Health & Wellness,Sale,-13.33,,13.33,my_bank_statement_copy
2025-05-24,DUNKIN #343358 Q35,dunkin q,b07595b36e79009d84b1c14d91843380464b75c2,-3.36,3.36,Dining,bank,Food & Drink,Dining,dunkin 343358 q35,05/24/2025,05/25/2025,DUNKIN #343358 Q35,Food & Drink,Sale,-3.36,,3.36,my_bank_statement_copy
2025-05-24,PRIMARK CHICAGO STATE STR,primark chicago state,e43dca3fad9408a3328001a188deecc095fe05e1,-53.57,53.57,Shopping,bank,Shopping,Shopping,primark chicago state str,05/24/2025,05/26/2025,PRIMARK CHICAGO STATE STR,Shopping,Sale,-53.57,,53.57,my_bank_statement_copy
2025-05-25,AMC 0133 RIVER EAST 21,amc river east,b6e51a2e9d4bb7a029e36e80cd69dded3de948e8,-30.58,30.58,Entertainment,bank,Entertainment,Entertainment,amc 0133 river east 21,05/25/2025,05/27/2025,AMC 0133 RIVER EAST 21,Entertainment,Sale,-30.58,,30.58,my_bank_statement_copy
2025-05-27,SQ *BUILD COFFEE,sq build coffee,d4b915e7b173ec9e83bc604258a436fafed9bf83,-5.53,5.53,Dining,bank,Food & Drink,Dining,sq build coffee,05/27/2025,05/28/2025,SQ *BUILD COFFEE,Food & Drink,Sale,-5.53,,5.53,my_bank_statement_copy
2025-05-27,Payment Thank You-Mobile,thank you mobile,6b7af5db7dc98e067391dc0972570fa478ac6da0,653.51,0.0,EXCLUDE,payment,,,payment thank you mobile,05/27/2025,05/27/2025,Payment Thank You-Mobile,,Payment,653.51,,0.0,my_bank_statement_copy
2025-05-29,TACO BELL 737116,taco bell,02e8a73e348887eca101b2758c8c2a6f6d587196,-5.02,5.02,Dining,bank,Food & Drink,Dining,taco bell 737116,05/29/2025,06/01/2025,TACO BELL 737116,Food & Drink,Sale,-5.02,,5.02,my_bank_statement_copy
2025-05-30,TWX*WBSTUDIOTOUR,twxwbstudiotour,5ef41d2a66276199e9e39c8cb13aa4e2adead255,-152.0,152.0,Entertainment,bank,Entertainment,Entertainment,twxwbstudiotour,05/30/2025,05/30/2025,TWX*WBSTUDIOTOUR,Entertainment,Sale,-152.0,,152.0,my_bank_statement_copy
2025-05-30,TARGET        00032193,target,18a52e4a979b7cd8b352bd7eac2fc43c7760cfde,-76.06,76.06,Shopping,bank,Shopping,Shopping,target 00032193,05/30/2025,06/01/2025,TARGET        00032193,Shopping,Sale,-76.06,,76.06,my_bank_statement_copy
2025-05-30,TST* HEADQUARTERS BEERCAD,tst headquarters beercad,65869d3a6e78cddf2c4f83f19500f1025aec883a,-12.05,12.05,Dining,bank,Food & Drink,Dining,tst headquarters beercad,05/30/2025,06/01/2025,TST* HEADQUARTERS BEERCAD,Food & Drink,Sale,-12.05,,12.05,my_bank_statement_copy
2025-05-30,7-ELEVEN 33892,eleven,06bab72c626e1ad9e8222e206a377c894d10bd5c,-15.72,15.72,Travel,bank,Gas,Travel,7 eleven 33892,05/30/2025,06/01/2025,7-ELEVEN 33892,Gas,Sale,-15.72,,15.72,my_bank_statement_copy
2025-05-30,LEVY@SOLDIER FIELD CON,levysoldier field con,1abeedff204d7fe5461cd9b754ecc14588c3e862,-8.93,8.93,Dining,bank,Food & Drink,Dining,levysoldier field con,05/30/2025,06/02/2025,LEVY@SOLDIER FIELD CON,Food & Drink,Sale,-8.93,,8.93,my_bank_statement_copy
2025-05-30,LEVY@SOLDIER FIELD CON,levysoldier field con,07d06744d4cc16ff7279998297f56c20bdea19a8,-29.59,29.59,Dining,bank,Food & Drink,Dining,levysoldier field con,05/30/2025,06/02/2025,LEVY@SOLDIER FIELD CON,Food & Drink,Sale,-29.59,,29.59,my_bank_statement_copy
2025-05-31,LYFT   *RIDE SAT 6AM,lyft ride sat,d5b73a8f0af6b30cd4036147decd865bd2c838a7,-38.39,38.39,Travel,bank,Travel,Travel,lyft ride sat 6am,05/31/2025,06/01/2025,LYFT   *RIDE SAT 6AM,Travel,Sale,-38.39,,38.39,my_bank_statement_copy
2025-05-31,SUBWAY DBE ORD,subway dbe ord,9cbb15c5969abea468b837a8f16c39e3894e2d4b,-13.11,13.11,Dining,bank,Food & Drink,Dining,subway dbe ord,05/31/2025,06/02/2025,SUBWAY DBE ORD,Food & Drink,Sale,-13.11,,13.11,my_bank_statement_copy
2025-05-31,LA METRO - TAP WEB SALES,la metro tap,21cde485c28efc454bb44cd7f28dd6b254105325,-10.0,10.0,Travel,bank,Travel,Travel,la metro tap web sales,05/31/2025,06/01/2025,LA METRO - TAP WEB SALES,Travel,Sale,-10.0,,10.0,my_bank_statement_copy
2025-06-01,WB Studio Enterprises Inc,wb studio enterprises,d8b8201453fba3bd9030cfce6ecc3454ca685cae,-9.89,9.89,Entertainment,bank,Entertainment,Entertainment,wb studio enterprises inc,06/01/2025,06/02/2025,WB Studio Enterprises Inc,Entertainment,Sale,-9.89,,9.89,my_bank_statement_copy
2025-06-01,PAVILIONS #2105,pavilions,2a91155aa409105858252ce8ecf513e160f0479c,-29.39,29.39,Groceries,bank,Groceries,Groceries,pavilions 2105,06/01/2025,06/03/2025,PAVILIONS #2105,Groceries,Sale,-29.39,,29.39,my_bank_statement_copy
2025-06-01,SQ *WARNER BROS. STUDIO T,sq warner bros,409fa3cbbca7aeedd16cea53a5f32905db86d1f2,-8.29,8.29,Entertainment,bank,Entertainment,Entertainment,sq warner bros studio t,06/01/2025,06/02/2025,SQ *WARNER BROS. STUDIO T,Entertainment,Sale,-8.29,,8.29,my_bank_statement_copy
2025-06-01,GRIFFITH OBSERVATORY,griffith observatory,0201b50fbbb1f449da5fb25655c1d33b09b05102,-16.0,16.0,Entertainment,bank,Entertainment,Entertainment,griffith observatory,06/01/2025,06/03/2025,GRIFFITH OBSERVATORY,Entertainment,Sale,-16.0,,16.0,my_bank_statement_copy
2025-06-01,WB Studio Enterprises Inc,wb studio enterprises,f4cfddcc5939d32ad90d02db93b28b886fc5dce6,-20.94,20.94,Entertainment,bank,Entertainment,Entertainment,wb studio enterprises inc,06/01/2025,06/02/2025,WB Studio Enterprises Inc,Entertainment,Sale,-20.94,,20.94,my_bank_statement_copy
2025-06-01,WB Studio Enterprises Inc,wb studio enterprises,8f48e2181e753acc4b08a0281d5445120052d713,-19.78,19.78,Entertainment,bank,Entertainment,Entertainment,wb studio enterprises inc,06/01/2025,06/02/2025,WB Studio Enterprises Inc,Entertainment,Sale,-19.78,,19.78,my_bank_statement_copy
2025-06-01,WP GRIFFITH P,wp griffith p,8a5f7b38e1cf1e24a5ef1e8ab1d5c173d173157f,-4.94,4.94,Dining,bank,Food & Drink,Dining,wp griffith p,06/01/2025,06/03/2025,WP GRIFFITH P,Food & Drink,Sale,-4.94,,4.94,my_bank_statement_copy
2025-06-02,PACIFIC PARK TICKETING,pacific park ticketing,c51cf441c318dc77253bd72803e34fd5d81afd56,-34.0,34.0,Entertainment,bank,Entertainment,Entertainment,pacific park ticketing,06/02/2025,06/03/2025,PACIFIC PARK TICKETING,Entertainment,Sale,-34.0,,34.0,my_bank_statement_copy
2025-06-02,AMC 9640 ONLINE,amc,b2b46bd7008755b1acbf8191a9b4d3428c3dfe3a,-29.11,29.11,Entertainment,bank,Entertainment,Entertainment,amc 9640 online,06/02/2025,06/03/2025,AMC 9640 ONLINE,Entertainment,Sale,-29.11,,29.11,my_bank_statement_copy
2025-06-02,LA GIFT STOP LLC,la gift stop,ab171916b516f67aaa6d8e39880435f6fb447e97,-15.41,15.41,Shopping,bank,Shopping,Shopping,la gift stop llc,06/02/2025,06/03/2025,LA GIFT STOP LLC,Shopping,Sale,-15.41,,15.41,my_bank_statement_copy
2025-06-02,GDP*Joe's Pizza SM,gdpjoes pizza sm,fb1f5af3590c58a294077ac928f5ba7be71745f1,-4.71,4.71,Dining,bank,Food & Drink,Dining,gdpjoes pizza sm,06/02/2025,06/08/2025,GDP*Joe's Pizza SM,Food & Drink,Sale,-4.71,,4.71,my_bank_statement_copy
2025-06-02,MINISO SANTA MONICA,miniso santa monica,012f35a0d094ec8b304cbff2620c2709eb70fa82,-2.32,2.32,Shopping,bank,Shopping,Shopping,miniso santa monica,06/02/2025,06/04/2025,MINISO SANTA MONICA,Shopping,Sale,-2.32,,2.32,my_bank_statement_copy
2025-06-02,PACIFIC PARK SCOOPS,pacific park scoops,49027e46db45c330e54d2304df13934ff679a3ab,-11.35,11.35,Dining,bank,Food & Drink,Dining,pacific park scoops,06/02/2025,06/04/2025,PACIFIC PARK SCOOPS,Food & Drink,Sale,-11.35,,11.35,my_bank_statement_copy
2025-06-03,WAYMO,waymo,b412ba36f6f9568881a36b921c232fc4694ecc4d,-16.18,16.18,Travel,bank,Travel,Travel,waymo,06/03/2025,06/03/2025,WAYMO,Travel,Sale,-16.18,,16.18,my_bank_statement_copy
2025-06-03,LA INDUSTRIES,la industries,c4c41ba5a4d88400db45649d225afd46d7ff90bb,-5.67,5.67,Shopping,bank,Shopping,Shopping,la industries,06/03/2025,06/04/2025,LA INDUSTRIES,Shopping,Sale,-5.67,,5.67,my_bank_statement_copy
2025-06-03,LYFT   *RIDE SUN 7PM,lyft ride sun,24d21b3c3f34ad050046142d799b68ac1e938d70,-37.8,37.8,Travel,bank,Travel,Travel,lyft ride sun 7pm,06/03/2025,06/03/2025,LYFT   *RIDE SUN 7PM,Travel,Sale,-37.8,,37.8,my_bank_statement_copy
2025-06-04,LYFT   *RIDE TUE 3PM,lyft ride tue,2bd923c909cefd80a7cddceda18f3d1c09b48579,-13.25,13.25,Travel,bank,Travel,Travel,lyft ride tue 3pm,06/04/2025,06/04/2025,LYFT   *RIDE TUE 3PM,Travel,Sale,-13.25,,13.25,my_bank_statement_copy
2025-06-04,VENTRA MOBILE,ventra mobile,c8f669a6b6b58021caac2af7401ed446b75ba3cb,-10.0,10.0,Travel,bank,Travel,Travel,ventra mobile,06/04/2025,06/05/2025,VENTRA MOBILE,Travel,Sale,-10.0,,10.0,my_bank_statement_copy
2025-06-04,TST*OSPI - VENICE,tstospi venice,59a953d228aae2ec023df187f410b810218696c1,-40.96,40.96,Dining,bank,Food & Drink,Dining,tstospi venice,06/04/2025,06/05/2025,TST*OSPI - VENICE,Food & Drink,Sale,-40.96,,40.96,my_bank_statement_copy
2025-06-04,TST* MARKET VENICE,tst market venice,7a83e02508503c1a0ff0670214fa925aab5181b1,-69.19,69.19,Dining,bank,Food & Drink,Dining,tst market venice,06/04/2025,06/05/2025,TST* MARKET VENICE,Food & Drink,Sale,-69.19,,69.19,my_bank_statement_copy
2025-06-05,SQ *TINY TAPP &amp; CAFE,sq tiny tapp,76dde7e83181344fafd9c4d1a92e8638c79bb7f2,-67.91,67.91,Dining,bank,Food & Drink,Dining,sq tiny tapp amp cafe,06/05/2025,06/06/2025,SQ *TINY TAPP &amp; CAFE,Food & Drink,Sale,-67.91,,67.91,my_bank_statement_copy
2025-06-06,Store,store,8df9288b6029c51bb97b07d6f24a6856da6e41d8,6.58,0.0,Income,income,Food & Drink,Dining,store,06/06/2025,06/08/2025,Store,Food & Drink,Return,6.58,,0.0,my_bank_statement_copy
2025-06-06,Store,store,6756f6dfefc6151abe4c297b96f024c05607ff17,-6.58,6.58,Dining,bank,Food & Drink,Dining,store,06/06/2025,06/08/2025,Store,Food & Drink,Sale,-6.58,,6.58,my_bank_statement_copy
2025-06-07,TARGET        00032193,target,242bd749a9d8113cf9a3a705aecba879e51ab5e8,-43.4,43.4,Shopping,bank,Shopping,Shopping,target 00032193,06/07/2025,06/09/2025,TARGET        00032193,Shopping,Sale,-43.4,,43.4,my_bank_statement_copy
2025-06-08,LYFT   *RIDE SAT 2PM,lyft ride sat,379cdce5aa2036fd5136233519d45a5080d03b4a,-9.66,9.66,Travel,bank,Travel,Travel,lyft ride sat 2pm,06/08/2025,06/08/2025,LYFT   *RIDE SAT 2PM,Travel,Sale,-9.66,,9.66,my_bank_statement_copy
2025-06-09,LYFT   *RIDE SAT 10PM,lyft ride sat,d18c1493fe08d0acebe3b0a184f44e17027f3b23,-18.9,18.9,Travel,bank,Travel,Travel,lyft ride sat 10pm,06/09/2025,06/09/2025,LYFT   *RIDE SAT 10PM,Travel,Sale,-18.9,,18.9,my_bank_statement_copy
2025-06-10,Payment Thank You-Mobile,thank you mobile,afef4c53a7bf59ce73c309276460944c0a30ed9d,250.0,0.0,EXCLUDE,payment,,,payment thank you mobile,06/10/2025,06/11/2025,Payment Thank You-Mobile,,Payment,250.0,,0.0,my_bank_statement_copy
2025-06-10,Payment Thank You-Mobile,thank you mobile,04150d071034d457db83a5d92ec8058c553c51d0,200.0,0.0,EXCLUDE,payment,,,payment thank you mobile,06/10/2025,06/10/2025,Payment Thank You-Mobile,,Payment,200.0,,0.0,my_bank_statement_copy
2025-06-10,IKEA 476900394,ikea,ef3dc3e25d242ef8bf0d58f04b25290936e88e21,-50.6,50.6,Home,bank,Home,Home,ikea 476900394,06/10/2025,06/11/2025,IKEA 476900394,Home,Sale,-50.6,,50.6,my_bank_statement_copy
2025-06-13,Subway 10056,subway,3391ab1b54e78fd220a4b04d3211bee74b1b5d70,-6.08,6.08,Dining,bank,Food & Drink,Dining,subway 10056,06/13/2025,06/15/2025,Subway 10056,Food & Drink,Sale,-6.08,,6.08,my_bank_statement_copy
2025-06-13,DD/BR #349441 Q35,dd br q,f0b8154d1202f1e7d8d12e31b457f817b0db5e08,-3.32,3.32,Dining,bank,Food & Drink,Dining,dd br 349441 q35,06/13/2025,06/15/2025,DD/BR #349441 Q35,Food & Drink,Sale,-3.32,,3.32,my_bank_statement_copy
2025-06-14,LYFT   *RIDE SAT 3PM,lyft ride sat,3512c823a7ef222b4c3f7d67221cbe44d6258455,-15.22,15.22,Travel,bank,Travel,Travel,lyft ride sat 3pm,06/14/2025,06/15/2025,LYFT   *RIDE SAT 3PM,Travel,Sale,-15.22,,15.22,my_bank_statement_copy
2025-06-14,DD/BR #349441 Q35,dd br q,718475488d21d2c0d93dc70c6bcf4bb45e76ee4f,-8.96,8.96,Dining,bank,Food & Drink,Dining,dd br 349441 q35,06/14/2025,06/15/2025,DD/BR #349441 Q35,Food & Drink,Sale,-8.96,,8.96,my_bank_statement_copy
2025-06-14,DOMINO'S 2869,dominos,19debc8e4c28c2dae7b99add93289d8fb2f1e6b6,-90.72,90.72,Dining,bank,Food & Drink,Dining,dominos 2869,06/14/2025,06/15/2025,DOMINO'S 2869,Food & Drink,Sale,-90.72,,90.72,my_bank_statement_copy
2025-06-14,LYFT   *RIDE SAT 10AM,lyft ride sat,9377c98438df894ff474c3199c188f78a173d4e6,-11.89,11.89,Travel,bank,Travel,Travel,lyft ride sat 10am,06/14/2025,06/15/2025,LYFT   *RIDE SAT 10AM,Travel,Sale,-11.89,,11.89,my_bank_statement_copy
2025-06-14,COMCAST / XFINITY,comcast xfinity,602cf0e7e849aa06e228458f9483fafbbe715d81,-65.0,65.0,Bills,bank,Bills & Utilities,Bills,comcast xfinity,06/14/2025,06/15/2025,COMCAST / XFINITY,Bills & Utilities,Sale,-65.0,,65.0,my_bank_statement_copy
2025-06-15,TRADER JOE S #706,trader joe s,b969d7f05fbbf2b475dbdd2a52367ebfafbd4a8d,-7.65,7.65,Groceries,bank,Groceries,Groceries,trader joe s 706,06/15/2025,06/17/2025,TRADER JOE S #706,Groceries,Sale,-7.65,,7.65,my_bank_statement_copy
2025-06-15,TRADER JOE S #706,trader joe s,15562941d9ad8ce4053f7235b0ffbf1194daa1ce,-82.73,82.73,Groceries,bank,Groceries,Groceries,trader joe s 706,06/15/2025,06/17/2025,TRADER JOE S #706,Groceries,Sale,-82.73,,82.73,my_bank_statement_copy
2025-06-18,CTLP*MARK VEND COMPANY,ctlpmark vend company,67e07e30db7c0288abf57069f03d942e1a6fbc79,-3.25,3.25,Dining,bank,Food & Drink,Dining,ctlpmark vend company,06/18/2025,06/19/2025,CTLP*MARK VEND COMPANY,Food & Drink,Sale,-3.25,,3.25,my_bank_statement_copy
2025-06-18,LYFT   *RIDE WED 10AM,lyft ride wed,f4a534bca1f028ce2bc878377f0878b2c369611f,-6.68,6.68,Travel,bank,Travel,Travel,lyft ride wed 10am,06/18/2025,06/19/2025,LYFT   *RIDE WED 10AM,Travel,Sale,-6.68,,6.68,my_bank_statement_copy
2025-06-19,LYFT   *RIDE THU 1AM,lyft ride thu,4839addb9e0bcb9ca4cccd214614953abcb2c871,-10.58,10.58,Travel,bank,Travel,Travel,lyft ride thu 1am,06/19/2025,06/20/2025,LYFT   *RIDE THU 1AM,Travel,Sale,-10.58,,10.58,my_bank_statement_copy
2025-06-19,REGENTS MARKET,regents market,841c0cf241a0d2c657389e9a9d4ba3b2510461ae,-6.33,6.33,Groceries,bank,Groceries,Groceries,regents market,06/19/2025,06/20/2025,REGENTS MARKET,Groceries,Sale,-6.33,,6.33,my_bank_statement_copy
2025-06-19,LYFT   *CANCEL FEE,lyft cancel fee,a91399d07c345c872dd4ad86b0cc2801232b6f7f,-1.0,1.0,Travel,bank,Travel,Travel,lyft cancel fee,06/19/2025,06/19/2025,LYFT   *CANCEL FEE,Travel,Sale,-1.0,,1.0,my_bank_statement_copy
2025-06-19,UBER   *TRIP,uber trip,4be7d995bc28d693075ae0971c87dcbb4e99a203,-18.95,18.95,Travel,bank,Travel,Travel,uber trip,06/19/2025,06/20/2025,UBER   *TRIP,Travel,Sale,-18.95,,18.95,my_bank_statement_copy
2025-06-21,Payment Thank You-Mobile,thank you mobile,4a5bd5d9d06dc728992e889fc44dd8df526a0b86,874.99,0.0,EXCLUDE,payment,,,payment thank you mobile,06/21/2025,06/22/2025,Payment Thank You-Mobile,,Payment,874.99,,0.0,my_bank_statement_copy
2025-06-21,Store,store,9a9f68b415c461a3242889074492952e3955d31b,-14.52,14.52,Dining,bank,Food & Drink,Dining,store,06/21/2025,06/22/2025,Store,Food & Drink,Sale,-14.52,,14.52,my_bank_statement_copy
2025-06-25,PAYRANGE MOBILE,payrange mobile,96ad7056246f2b101aaa267d78a9b461e764f36d,-25.0,25.0,Bills,bank,Bills & Utilities,Bills,payrange mobile,06/25/2025,06/26/2025,PAYRANGE MOBILE,Bills & Utilities,Sale,-25.0,,25.0,my_bank_statement_copy
2025-06-25,TRADER JOE S #706,trader joe s,e9eee0b0710bf4bf8818086f78ea255d8a1e84ba,-46.76,46.76,Groceries,bank,Groceries,Groceries,trader joe s 706,06/25/2025,06/27/2025,TRADER JOE S #706,Groceries,Sale,-46.76,,46.76,my_bank_statement_copy
2025-06-25,TRADER JOE S #706,trader joe s,d35de118ca5837330ed510942f9b9a5d5f9e540f,-7.94,7.94,Groceries,bank,Groceries,Groceries,trader joe s 706,06/25/2025,06/27/2025,TRADER JOE S #706,Groceries,Sale,-7.94,,7.94,my_bank_statement_copy
2025-06-26,UBER   *TRIP,uber trip,0ea2b340e591153070ebd433423c60cfdf613d11,-6.43,6.43,Travel,bank,Travel,Travel,uber trip,06/26/2025,06/26/2025,UBER   *TRIP,Travel,Sale,-6.43,,6.43,my_bank_statement_copy
2025-06-27,COMCAST / XFINITY,comcast xfinity,b57aa7d34d387d22456ccbae374e10cae98dbe30,-23.84,23.84,Bills,bank,Bills & Utilities,Bills,comcast xfinity,06/27/2025,06/29/2025,COMCAST / XFINITY,Bills & Utilities,Sale,-23.84,,23.84,my_bank_statement_copy
2025-06-28,HM.COM,hmcom,e2bfcdd61696c0e50a8dacb4cc1cf862af62be1e,-44.41,44.41,Shopping,bank,Shopping,Shopping,hmcom,06/28/2025,06/29/2025,HM.COM,Shopping,Sale,-44.41,,44.41,my_bank_statement_copy
2025-06-29,TARGET        00032193,target,e15d565e4605778740b725ea641077f332e834ab,-11.88,11.88,Shopping,bank,Shopping,Shopping,target 00032193,06/29/2025,06/30/2025,TARGET        00032193,Shopping,Sale,-11.88,,11.88,my_bank_statement_copy
2025-06-29,TST*ALMENDRO CAFE,tstalmendro cafe,2a468041a658f38649d8df964aff8d9544de7e5d,-13.56,13.56,Dining,bank,Food & Drink,Dining,tstalmendro cafe,06/29/2025,07/01/2025,TST*ALMENDRO CAFE,Food & Drink,Sale,-13.56,,13.56,my_bank_statement_copy
2025-06-30,H&amp;M 0760/ILLNOIS,hampm illnois,680f05c6f972aec5f2c5ac27265690cf4e9f874d,-30.94,30.94,Shopping,bank,Shopping,Shopping,hampm 0760 illnois,06/30/2025,07/02/2025,H&amp;M 0760/ILLNOIS,Shopping,Sale,-30.94,,30.94,my_bank_statement_copy
2025-06-30,CVS/PHARMACY #03742,cvs pharmacy,42c64280b29ceb4715a15559d43666c4eb786772,-1.39,1.39,Groceries,bank,Health & Wellness,Health,cvs pharmacy 03742,06/30/2025,07/01/2025,CVS/PHARMACY #03742,Health & Wellness,Sale,-1.39,,1.39,my_bank_statement_copy
2025-06-30,DUNKIN #340231 Q35,dunkin q,e68d6f4b9650acc11753e453a24684913c565566,-3.36,3.36,Dining,bank,Food & Drink,Dining,dunkin 340231 q35,06/30/2025,07/01/2025,DUNKIN #340231 Q35,Food & Drink,Sale,-3.36,,3.36,my_bank_statement_copy
2025-07-01,7-ELEVEN 33892,eleven,4429401b36cdaf3d496830fa32b74235c348df23,-9.0,9.0,Travel,bank,Gas,Travel,7 eleven 33892,07/01/2025,07/03/2025,7-ELEVEN 33892,Gas,Sale,-9.0,,9.0,my_bank_statement_copy
2025-07-01,SQ *STANDARD BAR AND GRIL,sq standard bar,ab67e52ae4102f23777f89b01503c634905f1ef4,-15.33,15.33,Dining,bank,Food & Drink,Dining,sq standard bar and gril,07/01/2025,07/02/2025,SQ *STANDARD BAR AND GRIL,Food & Drink,Sale,-15.33,,15.33,my_bank_statement_copy
2025-07-01,JEWEL OSCO 1241,jewel osco,f148ac5eabde39020c4a32fc5671b9b0545bb185,-11.01,11.01,Groceries,bank,Groceries,Groceries,jewel osco 1241,07/01/2025,07/03/2025,JEWEL OSCO 1241,Groceries,Sale,-11.01,,11.01,my_bank_statement_copy
2025-07-01,HM.COM,hmcom,7d5026b8390c6bdd72f8f364cf7d34911492f483,6.56,0.0,Income,income,Shopping,Shopping,hmcom,07/01/2025,07/01/2025,HM.COM,Shopping,Return,6.56,,0.0,my_bank_statement_copy
2025-07-02,AMC 9640 ONLINE,amc,5f8e1be83f99c42bfaa3095de80d1295901951f7,-29.11,29.11,Entertainment,bank,Entertainment,Entertainment,amc 9640 online,07/02/2025,07/03/2025,AMC 9640 ONLINE,Entertainment,Sale,-29.11,,29.11,my_bank_statement_copy
2025-07-02,TST* HOWL AT THE MOON - C,tst howl at,f162618e5a719fd94b5976e5bb64ecbefd97770b,-28.0,28.0,Dining,bank,Food & Drink,Dining,tst howl at the moon c,07/02/2025,07/03/2025,TST* HOWL AT THE MOON - C,Food & Drink,Sale,-28.0,,28.0,my_bank_statement_copy
2025-07-02,VENTRA MOBILE,ventra mobile,5f9389e983d389cb909dfa31c4fc2371a9c13166,-10.0,10.0,Travel,bank,Travel,Travel,ventra mobile,07/02/2025,07/04/2025,VENTRA MOBILE,Travel,Sale,-10.0,,10.0,my_bank_statement_copy
2025-07-03,TRADER JOE S #706,trader joe s,c6a1239c78b6707c9a122cfa17fb315c8a41bf7b,-9.77,9.77,Groceries,bank,Groceries,Groceries,trader joe s 706,07/03/2025,07/06/2025,TRADER JOE S #706,Groceries,Sale,-9.77,,9.77,my_bank_statement_copy
2025-07-03,LYFT   *RIDE THU 1PM,lyft ride thu,32e3d24675a758c9d662c69d367da8e12b276808,-10.88,10.88,Travel,bank,Travel,Travel,lyft ride thu 1pm,07/03/2025,07/04/2025,LYFT   *RIDE THU 1PM,Travel,Sale,-10.88,,10.88,my_bank_statement_copy
2025-07-04,LYFT   *RIDE FRI 10AM,lyft ride fri,a9b026131397417df9f8e0f29f288306119b4e49,-10.84,10.84,Travel,bank,Travel,Travel,lyft ride fri 10am,07/04/2025,07/06/2025,LYFT   *RIDE FRI 10AM,Travel,Sale,-10.84,,10.84,my_bank_statement_copy
2025-07-04,LYFT   *CANCEL FEE,lyft cancel fee,155c360f9758b73e474ed3a84695e7da1f96ecb3,-1.0,1.0,Travel,bank,Travel,Travel,lyft cancel fee,07/04/2025,07/06/2025,LYFT   *CANCEL FEE,Travel,Sale,-1.0,,1.0,my_bank_statement_copy
2025-07-04,LYFT   *RIDE FRI 4PM,lyft ride fri,1027b7c54c9dcb529e65e0a2e95d6203517187fa,-14.32,14.32,Travel,bank,Travel,Travel,lyft ride fri 4pm,07/04/2025,07/06/2025,LYFT   *RIDE FRI 4PM,Travel,Sale,-14.32,,14.32,my_bank_statement_copy
2025-07-05,Store,store,0575824d871e8a3994640a9468a8347065baf7ed,-7.59,7.59,Dining,bank,Food & Drink,Dining,store,07/05/2025,07/06/2025,Store,Food & Drink,Sale,-7.59,,7.59,my_bank_statement_copy
2025-07-05,LYFT   *RIDE FRI 6PM,lyft ride fri,a1820119cf0660bfe4e2648c6e467a89fe7110bf,-8.77,8.77,Travel,bank,Travel,Travel,lyft ride fri 6pm,07/05/2025,07/06/2025,LYFT   *RIDE FRI 6PM,Travel,Sale,-8.77,,8.77,my_bank_statement_copy
2025-07-06,TRADER JOE S #706,trader joe s,057f59f19f77582172134baacb404665cb6686a8,-55.22,55.22,Groceries,bank,Groceries,Groceries,trader joe s 706,07/06/2025,07/08/2025,TRADER JOE S #706,Groceries,Sale,-55.22,,55.22,my_bank_statement_copy
2025-07-06,TST*ALMENDRO CAFE,tstalmendro cafe,dcc0548f7b64f202052a45f04763b7839d80c196,-2.76,2.76,Dining,bank,Food & Drink,Dining,tstalmendro cafe,07/06/2025,07/08/2025,TST*ALMENDRO CAFE,Food & Drink,Sale,-2.76,,2.76,my_bank_statement_copy
2025-07-09,SHEIN.COM,sheincom,1d9d42786aa7a065937f431ca429683f07aa3a18,24.03,0.0,Income,income,Shopping,Shopping,sheincom,07/09/2025,07/11/2025,SHEIN.COM,Shopping,Return,24.03,,0.0,my_bank_statement_copy
2025-07-10,WALGREENS #5553,walgreens,fb7d18a3a33b548de00cddbbae138adc1955b7c0,-7.45,7.45,Groceries,bank,Health & Wellness,Health,walgreens 5553,07/10/2025,07/11/2025,WALGREENS #5553,Health & Wellness,Sale,-7.45,,7.45,my_bank_statement_copy
2025-07-10,LYFT   *RIDE WED 4PM,lyft ride wed,eebbae50f89850f84e672bc99251b9efb67aed4a,-15.21,15.21,Travel,bank,Travel,Travel,lyft ride wed 4pm,07/10/2025,07/11/2025,LYFT   *RIDE WED 4PM,Travel,Sale,-15.21,,15.21,my_bank_statement_copy
2025-07-11,VENTRA MOBILE,ventra mobile,6396b8f36dd97a5cadb0b17b65189bebc0e3adac,-5.0,5.0,Travel,bank,Travel,Travel,ventra mobile,07/11/2025,07/13/2025,VENTRA MOBILE,Travel,Sale,-5.0,,5.0,my_bank_statement_copy
2025-07-11,SHEIN.COM,sheincom,b07cf13146cc87366b878d2447b904445aeb122d,-18.8,18.8,Shopping,bank,Shopping,Shopping,sheincom,07/11/2025,07/13/2025,SHEIN.COM,Shopping,Sale,-18.8,,18.8,my_bank_statement_copy
2025-07-11,TRADER JOE S #696,trader joe s,c235251f61418834bbcc160a1a2faed2a657a388,-11.51,11.51,Groceries,bank,Groceries,Groceries,trader joe s 696,07/11/2025,07/13/2025,TRADER JOE S #696,Groceries,Sale,-11.51,,11.51,my_bank_statement_copy
2025-07-12,UBER   *TRIP,uber trip,bac362e8a850fc6e4b6791d2374aca8a7d3f1712,-5.96,5.96,Travel,bank,Travel,Travel,uber trip,07/12/2025,07/13/2025,UBER   *TRIP,Travel,Sale,-5.96,,5.96,my_bank_statement_copy
2025-07-12,DUNKIN #343358 Q35,dunkin q,3f95f365df94716401f751a56b71c47c8e2af836,-3.36,3.36,Dining,bank,Food & Drink,Dining,dunkin 343358 q35,07/12/2025,07/13/2025,DUNKIN #343358 Q35,Food & Drink,Sale,-3.36,,3.36,my_bank_statement_copy
2025-07-12,7-ELEVEN 33892,eleven,d92cd798b4ed315cf482ad26af7ca86ac79b68c6,-5.1,5.1,Travel,bank,Gas,Travel,7 eleven 33892,07/12/2025,07/15/2025,7-ELEVEN 33892,Gas,Sale,-5.1,,5.1,my_bank_statement_copy
2025-07-14,TARGET        00032193,target,5c15c9b29d041c809643d2c218c18b55f902290b,-64.94,64.94,Shopping,bank,Shopping,Shopping,target 00032193,07/14/2025,07/16/2025,TARGET        00032193,Shopping,Sale,-64.94,,64.94,my_bank_statement_copy
2025-07-15,DD/BR #349441 Q35,dd br q,ba3354bd52f5973f4ab07699158b1eaed2dbeb3c,-3.32,3.32,Dining,bank,Food & Drink,Dining,dd br 349441 q35,07/15/2025,07/16/2025,DD/BR #349441 Q35,Food & Drink,Sale,-3.32,,3.32,my_bank_statement_copy
2025-07-15,CTLP*MARK VEND COMPANY,ctlpmark vend company,75c1322a147f6759530354205a87b6aadaf78ee7,-1.8,1.8,Dining,bank,Food & Drink,Dining,ctlpmark vend company,07/15/2025,07/16/2025,CTLP*MARK VEND COMPANY,Food & Drink,Sale,-1.8,,1.8,my_bank_statement_copy
2025-07-15,SQ *3LP HYDE PARK,sq lp hyde,a06c6060eeb6eaf13cbec1224f61d4bc55d95917,-25.21,25.21,Dining,bank,Food & Drink,Dining,sq 3lp hyde park,07/15/2025,07/16/2025,SQ *3LP HYDE PARK,Food & Drink,Sale,-25.21,,25.21,my_bank_statement_copy
2025-07-15,DIVVYBI*SUBSCRIPTION,divvybisubscription,bd94c61a0d9246808a05e327969bc849a9b13144,-83.0,83.0,Travel,bank,Travel,Travel,divvybisubscription,07/15/2025,07/16/2025,DIVVYBI*SUBSCRIPTION,Travel,Sale,-83.0,,83.0,my_bank_statement_copy
2025-07-19,Store,store,8efd040b5b4bbd3e8aef3334b0a46140bc9d97e2,-19.71,19.71,Dining,bank,Food & Drink,Dining,store,07/19/2025,07/20/2025,Store,Food & Drink,Sale,-19.71,,19.71,my_bank_statement_copy
2025-07-19,DUNKIN #343358 Q35,dunkin q,a6074c759d43bdd3887ddaa75dd8d5dd86ecd74a,-9.5,9.5,Dining,bank,Food & Drink,Dining,dunkin 343358 q35,07/19/2025,07/20/2025,DUNKIN #343358 Q35,Food & Drink,Sale,-9.5,,9.5,my_bank_statement_copy
2025-07-19,VENTRA MOBILE,ventra mobile,508050f5b1283b06512e9841d1a367240c8ca22d,-5.0,5.0,Travel,bank,Travel,Travel,ventra mobile,07/19/2025,07/20/2025,VENTRA MOBILE,Travel,Sale,-5.0,,5.0,my_bank_statement_copy
2025-07-21,LYFT   *RIDE MON 12PM,lyft ride mon,6b675e4e86d086fa9afff99ef122b0ac7c9eaa6a,-11.5,11.5,Travel,bank,Travel,Travel,lyft ride mon 12pm,07/21/2025,07/22/2025,LYFT   *RIDE MON 12PM,Travel,Sale,-11.5,,11.5,my_bank_statement_copy
2025-07-21,SQ *GARAGE SALE VINTAGE -,sq garage vintage,bf016556131277aa77881921c06c27a0b24a1afb,-13.23,13.23,Dining,bank,Food & Drink,Dining,sq garage sale vintage ,07/21/2025,07/22/2025,SQ *GARAGE SALE VINTAGE -,Food & Drink,Sale,-13.23,,13.23,my_bank_statement_copy
2025-07-21,BELLE MEADE MANSION,belle meade mansion,07ffd1e0b3fb6271861ad41a4eeaa55437571f2c,-8.23,8.23,Shopping,bank,Shopping,Shopping,belle meade mansion,07/21/2025,07/22/2025,BELLE MEADE MANSION,Shopping,Sale,-8.23,,8.23,my_bank_statement_copy
2025-07-22,UBER   *TRIP,uber trip,d575b644dac166819c0186fbe89054ed0b4ab44f,-11.63,11.63,Travel,bank,Travel,Travel,uber trip,07/22/2025,07/23/2025,UBER   *TRIP,Travel,Sale,-11.63,,11.63,my_bank_statement_copy
2025-07-22,LYFT   *RIDE MON 9PM,lyft ride mon,925d202df118778cdc0be72cdab02ae3b646855a,-7.49,7.49,Travel,bank,Travel,Travel,lyft ride mon 9pm,07/22/2025,07/22/2025,LYFT   *RIDE MON 9PM,Travel,Sale,-7.49,,7.49,my_bank_statement_copy
2025-07-22,UBER   *TRIP,uber trip,bf8d72eaeb016e12f9b8240e7dc44742c94d42b1,-44.24,44.24,Travel,bank,Travel,Travel,uber trip,07/22/2025,07/22/2025,UBER   *TRIP,Travel,Sale,-44.24,,44.24,my_bank_statement_copy
2025-07-22,LEGENDS@NISSAN-ZIPPIN,legendsnissan zippin,7e797650c6c102171952b5f37d26b71b96ca8c88,-6.92,6.92,Dining,bank,Food & Drink,Dining,legendsnissan zippin,07/22/2025,07/24/2025,LEGENDS@NISSAN-ZIPPIN,Food & Drink,Sale,-6.92,,6.92,my_bank_statement_copy
2025-07-22,CONCESSIONS LEGENDS @,concessions legends,230182dec61a3f35549a1aaaddd76216f825630e,-6.59,6.59,Dining,bank,Food & Drink,Dining,concessions legends ,07/22/2025,07/24/2025,CONCESSIONS LEGENDS @,Food & Drink,Sale,-6.59,,6.59,my_bank_statement_copy
2025-07-23,STARBUCKS 800-782-7282,starbucks,4c70e81cc29238d68e14006001ad945feacc86ec,-10.0,10.0,Dining,bank,Food & Drink,Dining,starbucks 800 782 7282,07/23/2025,07/24/2025,STARBUCKS 800-782-7282,Food & Drink,Sale,-10.0,,10.0,my_bank_statement_copy
2025-07-23,LYFT   *RIDE TUE 11PM,lyft ride tue,8e9d1ccb1a134708080ccc4741df703defee5b54,-45.93,45.93,Travel,bank,Travel,Travel,lyft ride tue 11pm,07/23/2025,07/23/2025,LYFT   *RIDE TUE 11PM,Travel,Sale,-45.93,,45.93,my_bank_statement_copy
2025-07-23,AUTOMATIC PAYMENT - THANK,automatic thank,ed5d450a22c8d23c5d5e7de5c33f554b7279d8a6,40.0,0.0,EXCLUDE,payment,,,automatic payment thank,07/23/2025,07/23/2025,AUTOMATIC PAYMENT - THANK,,Payment,40.0,,0.0,my_bank_statement_copy
2025-07-24,LEGO CHICAGO,lego chicago,3272857269212fd6b513f368a1ca122169f589d9,-22.03,22.03,Shopping,bank,Shopping,Shopping,lego chicago,07/24/2025,07/25/2025,LEGO CHICAGO,Shopping,Sale,-22.03,,22.03,my_bank_statement_copy
2025-07-24,WB Studio Enterprises Inc,wb studio enterprises,51077b74af65b3a8f8b7c2ce098e46215810307a,-4.51,4.51,Entertainment,bank,Entertainment,Entertainment,wb studio enterprises inc,07/24/2025,07/25/2025,WB Studio Enterprises Inc,Entertainment,Sale,-4.51,,4.51,my_bank_statement_copy
2025-07-26,7-ELEVEN 33892,eleven,43e4f4dd2ef264cb6d2af1e545d117d678883541,-4.08,4.08,Travel,bank,Gas,Travel,7 eleven 33892,07/26/2025,07/27/2025,7-ELEVEN 33892,Gas,Sale,-4.08,,4.08,my_bank_statement_copy
2025-07-28,LYFT   *RIDE SUN 3PM,lyft ride sun,e907d8f95af2df182dd3ae49e32efd0383b474d6,-16.83,16.83,Travel,bank,Travel,Travel,lyft ride sun 3pm,07/28/2025,07/29/2025,LYFT   *RIDE SUN 3PM,Travel,Sale,-16.83,,16.83,my_bank_statement_copy
2025-07-30,LEVY@SOLDIER FIELD CON,levysoldier field con,1e736645ebe4372d6f5d62b214926c0843c1c4d7,-10.05,10.05,Dining,bank,Food & Drink,Dining,levysoldier field con,07/30/2025,08/01/2025,LEVY@SOLDIER FIELD CON,Food & Drink,Sale,-10.05,,10.05,my_bank_statement_copy
2025-07-30,LYFT   *RIDE TUE 1PM,lyft ride tue,2c374db11e0a68e45ecef2581a688f75164d9fd0,-5.25,5.25,Travel,bank,Travel,Travel,lyft ride tue 1pm,07/30/2025,07/30/2025,LYFT   *RIDE TUE 1PM,Travel,Sale,-5.25,,5.25,my_bank_statement_copy
2025-07-30,TST*THEORY CHICAGO,tsttheory chicago,90551f57b9af14097256c4b768ccd9ed822da7b3,-8.91,8.91,Dining,bank,Food & Drink,Dining,tsttheory chicago,07/30/2025,08/01/2025,TST*THEORY CHICAGO,Food & Drink,Sale,-8.91,,8.91,my_bank_statement_copy
2025-07-30,LEVY@SOLDIER FIELD CON,levysoldier field con,7f1632cc037a412fd2108bde88e95c0e61433ce2,-9.49,9.49,Dining,bank,Food & Drink,Dining,levysoldier field con,07/30/2025,08/01/2025,LEVY@SOLDIER FIELD CON,Food & Drink,Sale,-9.49,,9.49,my_bank_statement_copy
2025-08-01,DUNKIN #343358 Q35,dunkin q,5f6340a44007e8838a5a38683c7e6b40d34e9548,-5.13,5.13,Dining,bank,Food & Drink,Dining,dunkin 343358 q35,08/01/2025,08/03/2025,DUNKIN #343358 Q35,Food & Drink,Sale,-5.13,,5.13,my_bank_statement_copy
2025-08-02,Payment Thank You-Mobile,thank you mobile,e93086ccd350f63a9143d5c1d92353f7c30cc6be,914.82,0.0,EXCLUDE,payment,,,payment thank you mobile,08/02/2025,08/03/2025,Payment Thank You-Mobile,,Payment,914.82,,0.0,my_bank_statement_copy
2025-08-02,AMC 9640 ONLINE,amc,3c2c5edefcbd027828c08c5b9908966f2ec617a7,-29.11,29.11,Entertainment,bank,Entertainment,Entertainment,amc 9640 online,08/02/2025,08/03/2025,AMC 9640 ONLINE,Entertainment,Sale,-29.11,,29.11,my_bank_statement_copy
2025-08-03,UBER   *TRIP,uber trip,6231b8b2bfdb0fcfcd6a87807eb73600bc435f9a,-6.46,6.46,Travel,bank,Travel,Travel,uber trip,08/03/2025,08/03/2025,UBER   *TRIP,Travel,Sale,-6.46,,6.46,my_bank_statement_copy
2025-08-03,SQ *CAFE 53,sq cafe,7eefa16c1126466cdc99f5cd5e388a1c16d03262,-7.07,7.07,Dining,bank,Food & Drink,Dining,sq cafe 53,08/03/2025,08/04/2025,SQ *CAFE 53,Food & Drink,Sale,-7.07,,7.07,my_bank_statement_copy
2025-08-03,SQ *CAFE 53,sq cafe,cf33bd938ea40f086eca494553c7a57c69435e88,-3.27,3.27,Dining,bank,Food & Drink,Dining,sq cafe 53,08/03/2025,08/04/2025,SQ *CAFE 53,Food & Drink,Sale,-3.27,,3.27,my_bank_statement_copy
2025-08-04,POWELL'S BOOKSTORES INC,powells bookstores inc,f75512725ee51fc75524e7ad9496a339ded98df3,-12.13,12.13,Shopping,bank,Shopping,Shopping,powells bookstores inc,08/04/2025,08/05/2025,POWELL'S BOOKSTORES INC,Shopping,Sale,-12.13,,12.13,my_bank_statement_copy
2025-08-06,TRADER JOE S #706,trader joe s,14384b9ea18bc197b87fb33a8fb44b42027f0188,-31.24,31.24,Groceries,bank,Groceries,Groceries,trader joe s 706,08/06/2025,08/08/2025,TRADER JOE S #706,Groceries,Sale,-31.24,,31.24,my_bank_statement_copy
2025-08-06,LYFT   *RIDE WED 1PM,lyft ride wed,7906daa5833b711839a605351b8e1b7efdf06702,-6.95,6.95,Travel,bank,Travel,Travel,lyft ride wed 1pm,08/06/2025,08/07/2025,LYFT   *RIDE WED 1PM,Travel,Sale,-6.95,,6.95,my_bank_statement_copy
2025-08-06,Subway 10056,subway,d55390e562d87ab59fb4cc967ec6970dc30ce290,-7.74,7.74,Dining,bank,Food & Drink,Dining,subway 10056,08/06/2025,08/06/2025,Subway 10056,Food & Drink,Sale,-7.74,,7.74,my_bank_statement_copy
2025-08-06,DD/BR #349441 Q35,dd br q,a6205b9b7de9d7ba0978f3cebd987441f6d313d6,-3.32,3.32,Dining,bank,Food & Drink,Dining,dd br 349441 q35,08/06/2025,08/07/2025,DD/BR #349441 Q35,Food & Drink,Sale,-3.32,,3.32,my_bank_statement_copy
2025-08-06,LYFT   *RIDE TUE 10PM,lyft ride tue,ee76701824cc09cb39afce40eb08de486ee13da2,-19.23,19.23,Travel,bank,Travel,Travel,lyft ride tue 10pm,08/06/2025,08/07/2025,LYFT   *RIDE TUE 10PM,Travel,Sale,-19.23,,19.23,my_bank_statement_copy
2025-08-07,EX LIBRIS CAFE,ex libris cafe,21b5065681f6d6b062e128ccd442e172ea7a70bb,-5.5,5.5,Dining,bank,Food & Drink,Dining,ex libris cafe,08/07/2025,08/08/2025,EX LIBRIS CAFE,Food & Drink,Sale,-5.5,,5.5,my_bank_statement_copy
2025-08-08,LYFT   *RIDE THU 1PM,lyft ride thu,e0a6ecc56dc6a5fea639eb8a16026e5b509a88fb,-6.99,6.99,Travel,bank,Travel,Travel,lyft ride thu 1pm,08/08/2025,08/08/2025,LYFT   *RIDE THU 1PM,Travel,Sale,-6.99,,6.99,my_bank_statement_copy
2025-08-09,DUNKIN #343358 Q35,dunkin q,defe8531e170ea40b430a2694fdc3479ccae0d19,-3.36,3.36,Dining,bank,Food & Drink,Dining,dunkin 343358 q35,08/09/2025,08/10/2025,DUNKIN #343358 Q35,Food & Drink,Sale,-3.36,,3.36,my_bank_statement_copy
2025-08-10,LYFT   *RIDE SAT 8PM,lyft ride sat,c04e13e5272a0ac0c1218bab78b7e4b4fac4a444,-16.2,16.2,Travel,bank,Travel,Travel,lyft ride sat 8pm,08/10/2025,08/11/2025,LYFT   *RIDE SAT 8PM,Travel,Sale,-16.2,,16.2,my_bank_statement_copy
2025-08-10,AMC 0133 RIVER EAST 21,amc river east,1b55857b6bd9f2ad53e6305b6fa30999ce51b3ad,-12.06,12.06,Entertainment,bank,Entertainment,Entertainment,amc 0133 river east 21,08/10/2025,08/11/2025,AMC 0133 RIVER EAST 21,Entertainment,Sale,-12.06,,12.06,my_bank_statement_copy
2025-08-10,LYFT   *RIDE SAT 5PM,lyft ride sat,b94f114e1d7bd595af2e3a34e7b034bf9e917fc9,-17.52,17.52,Travel,bank,Travel,Travel,lyft ride sat 5pm,08/10/2025,08/10/2025,LYFT   *RIDE SAT 5PM,Travel,Sale,-17.52,,17.52,my_bank_statement_copy
2025-08-13,TARGET        00032193,target,93dadc6c3ca34917fb63c32dbc37ced7361fccad,-59.17,59.17,Shopping,bank,Shopping,Shopping,target 00032193,08/13/2025,08/14/2025,TARGET        00032193,Shopping,Sale,-59.17,,59.17,my_bank_statement_copy
2025-08-13,LYFT   *RIDE TUE 2PM,lyft ride tue,514814296c73b961a9167bf4db91f863027a52f5,-13.84,13.84,Travel,bank,Travel,Travel,lyft ride tue 2pm,08/13/2025,08/14/2025,LYFT   *RIDE TUE 2PM,Travel,Sale,-13.84,,13.84,my_bank_statement_copy
2025-08-13,SHORELINE E-GALAXY,shoreline e galaxy,dd8b504894117e29899916ff26c84cfa59235840,-292.68,292.68,Entertainment,bank,Entertainment,Entertainment,shoreline e galaxy,08/13/2025,08/14/2025,SHORELINE E-GALAXY,Entertainment,Sale,-292.68,,292.68,my_bank_statement_copy
2025-08-14,Payment Thank You-Mobile,thank you mobile,95b148ed4403e3dc16a378c2319bf7180a95b590,193.28,0.0,EXCLUDE,payment,,,payment thank you mobile,08/14/2025,08/14/2025,Payment Thank You-Mobile,,Payment,193.28,,0.0,my_bank_statement_copy
2025-08-14,PAYRANGE MOBILE,payrange mobile,6ce55dcaf36b121b3c75f4ecad9d881fd3774d63,-25.0,25.0,Bills,bank,Bills & Utilities,Bills,payrange mobile,08/14/2025,08/15/2025,PAYRANGE MOBILE,Bills & Utilities,Sale,-25.0,,25.0,my_bank_statement_copy
2025-08-14,WHOLEFDS HDP#10458,wholefds hdp,c12770ba2e68a7db555c9320177419241bed7ca8,-6.6,6.6,Groceries,bank,Groceries,Groceries,wholefds hdp10458,08/14/2025,08/15/2025,WHOLEFDS HDP#10458,Groceries,Sale,-6.6,,6.6,my_bank_statement_copy
2025-08-14,DUNKIN #343358 Q35,dunkin q,2d1b5d2602d4fb5715cc5a799238c813f72de163,-7.53,7.53,Dining,bank,Food & Drink,Dining,dunkin 343358 q35,08/14/2025,08/15/2025,DUNKIN #343358 Q35,Food & Drink,Sale,-7.53,,7.53,my_bank_statement_copy
2025-08-15,LYFT   *RIDE THU 10PM,lyft ride thu,c1b551594afb9f0f1361d0d24393e9911225caf1,-5.99,5.99,Travel,bank,Travel,Travel,lyft ride thu 10pm,08/15/2025,08/15/2025,LYFT   *RIDE THU 10PM,Travel,Sale,-5.99,,5.99,my_bank_statement_copy
2025-08-15,LYFT   *RIDE FRI 1AM,lyft ride fri,0954a89a9c0f6df74c62c1d54966f45cd0a1172a,-13.68,13.68,Travel,bank,Travel,Travel,lyft ride fri 1am,08/15/2025,08/17/2025,LYFT   *RIDE FRI 1AM,Travel,Sale,-13.68,,13.68,my_bank_statement_copy
2025-08-15,LYFT   *RIDE FRI 1PM,lyft ride fri,e88b73df10f22ddb2de50782cc46a1702ea1d5d7,-9.99,9.99,Travel,bank,Travel,Travel,lyft ride fri 1pm,08/15/2025,08/17/2025,LYFT   *RIDE FRI 1PM,Travel,Sale,-9.99,,9.99,my_bank_statement_copy
2025-08-16,LYFT   *RIDE SAT 2AM,lyft ride sat,0b452094f361c73c73bced08453c6532b0ee344b,-6.15,6.15,Travel,bank,Travel,Travel,lyft ride sat 2am,08/16/2025,08/17/2025,LYFT   *RIDE SAT 2AM,Travel,Sale,-6.15,,6.15,my_bank_statement_copy
2025-08-16,LYFT   *CANCEL FEE,lyft cancel fee,c3927fc5eb47d48ec172552710f42305c194349f,-1.0,1.0,Travel,bank,Travel,Travel,lyft cancel fee,08/16/2025,08/17/2025,LYFT   *CANCEL FEE,Travel,Sale,-1.0,,1.0,my_bank_statement_copy
2025-08-16,LYFT   *RIDE FRI 3PM,lyft ride fri,1f39edeebb8823c1f1c4f1cc8e596ed46692e6c0,-8.99,8.99,Travel,bank,Travel,Travel,lyft ride fri 3pm,08/16/2025,08/17/2025,LYFT   *RIDE FRI 3PM,Travel,Sale,-8.99,,8.99,my_bank_statement_copy
2025-08-16,FSP*RAGSTOCK-WICKER PARK,fspragstock wicker park,ade9801f209c414b7aa7bd8726dab3b4eaea4ee8,-16.53,16.53,Shopping,bank,Shopping,Shopping,fspragstock wicker park,08/16/2025,08/17/2025,FSP*RAGSTOCK-WICKER PARK,Shopping,Sale,-16.53,,16.53,my_bank_statement_copy
2025-08-16,UBER   *TRIP,uber trip,183830901b237dd4d59a57880069b54f95ba9b96,-15.03,15.03,Travel,bank,Travel,Travel,uber trip,08/16/2025,08/17/2025,UBER   *TRIP,Travel,Sale,-15.03,,15.03,my_bank_statement_copy
2025-08-16,TST* LEYE - NAVY PIER,tst leye navy,0524d0e5a4859f029a47ff8e52913f6149707c3c,-12.12,12.12,Dining,bank,Food & Drink,Dining,tst leye navy pier,08/16/2025,08/17/2025,TST* LEYE - NAVY PIER,Food & Drink,Sale,-12.12,,12.12,my_bank_statement_copy
2025-08-16,LYFT   *RIDE FRI 11PM,lyft ride fri,7618ba2a6d2e085a6cd4e1a9728a8b2a898782b7,-11.9,11.9,Travel,bank,Travel,Travel,lyft ride fri 11pm,08/16/2025,08/17/2025,LYFT   *RIDE FRI 11PM,Travel,Sale,-11.9,,11.9,my_bank_statement_copy
2025-08-16,LYFT   *RIDE SAT 2PM,lyft ride sat,a49cec50a547c2786ef6b5580808e3003c628b84,-6.67,6.67,Travel,bank,Travel,Travel,lyft ride sat 2pm,08/16/2025,08/17/2025,LYFT   *RIDE SAT 2PM,Travel,Sale,-6.67,,6.67,my_bank_statement_copy
2025-08-16,LYFT   *RIDE FRI 11PM,lyft ride fri,5aed87d00f2a9a2a870a04d1325b244185f9cd0c,-9.99,9.99,Travel,bank,Travel,Travel,lyft ride fri 11pm,08/16/2025,08/17/2025,LYFT   *RIDE FRI 11PM,Travel,Sale,-9.99,,9.99,my_bank_statement_copy
2025-08-16,TST*TORTELLO,tsttortello,cdd3fe041463a780fb19789ff3dc741b2d087598,-30.18,30.18,Dining,bank,Food & Drink,Dining,tsttortello,08/16/2025,08/18/2025,TST*TORTELLO,Food & Drink,Sale,-30.18,,30.18,my_bank_statement_copy
2025-08-16,LYFT   *RIDE SAT 1PM,lyft ride sat,5cc0be8868fcb3f5ffe137c5ab80782533f71d91,-27.81,27.81,Travel,bank,Travel,Travel,lyft ride sat 1pm,08/16/2025,08/17/2025,LYFT   *RIDE SAT 1PM,Travel,Sale,-27.81,,27.81,my_bank_statement_copy
2025-08-17,ART INST-MAIN MUS SHOP,art inst main,99e349270af81a5a2bbf165e4411432f76baaca2,-1.65,1.65,Shopping,bank,Shopping,Shopping,art inst main mus shop,08/17/2025,08/19/2025,ART INST-MAIN MUS SHOP,Shopping,Sale,-1.65,,1.65,my_bank_statement_copy
2025-08-17,LYFT   *RIDE SUN 12PM,lyft ride sun,e60700843e50bf9a428625c59dbd6a0633a5c89d,-15.92,15.92,Travel,bank,Travel,Travel,lyft ride sun 12pm,08/17/2025,08/18/2025,LYFT   *RIDE SUN 12PM,Travel,Sale,-15.92,,15.92,my_bank_statement_copy
2025-08-17,UBER   *TRIP,uber trip,1573e0c4dbdbabde1ee0d16d38a4c67967c93a65,-21.54,21.54,Travel,bank,Travel,Travel,uber trip,08/17/2025,08/18/2025,UBER   *TRIP,Travel,Sale,-21.54,,21.54,my_bank_statement_copy
2025-08-17,LYFT   *RIDE SUN 1PM,lyft ride sun,fda8f20014ea4c0ff37bd03ea84232d785b2d7fd,-13.99,13.99,Travel,bank,Travel,Travel,lyft ride sun 1pm,08/17/2025,08/18/2025,LYFT   *RIDE SUN 1PM,Travel,Sale,-13.99,,13.99,my_bank_statement_copy
2025-08-17,UBER   *TRIP,uber trip,0c72f47917653056aa9488e1290fefec4064301e,-15.53,15.53,Travel,bank,Travel,Travel,uber trip,08/17/2025,08/18/2025,UBER   *TRIP,Travel,Sale,-15.53,,15.53,my_bank_statement_copy
2025-08-17,SHEDD AQUARIUM,shedd aquarium,88caaaf26cad300a5ca352cab168b5103fafce97,-13.23,13.23,Dining,bank,Food & Drink,Dining,shedd aquarium,08/17/2025,08/19/2025,SHEDD AQUARIUM,Food & Drink,Sale,-13.23,,13.23,my_bank_statement_copy
2025-08-17,TARGET        00032193,target,96487f64db8929b9cdd84a4fe9b65fb7c63ca4ba,-4.18,4.18,Shopping,bank,Shopping,Shopping,target 00032193,08/17/2025,08/19/2025,TARGET        00032193,Shopping,Sale,-4.18,,4.18,my_bank_statement_copy
2025-08-17,STARBUCKS STORE 15683,starbucks store,92a933d3ffeb1b3b0a5bf480bcf09a9971d33821,-2.45,2.45,Dining,bank,Food & Drink,Dining,starbucks store 15683,08/17/2025,08/19/2025,STARBUCKS STORE 15683,Food & Drink,Sale,-2.45,,2.45,my_bank_statement_copy
2025-08-17,John G. Shedd Aquarium,john g shedd,1604e8db1b361fdc7ef73dcb4a8eb75615701a12,-19.95,19.95,Shopping,bank,Gifts & Donations,Shopping,john g shedd aquarium,08/17/2025,08/18/2025,John G. Shedd Aquarium,Gifts & Donations,Sale,-19.95,,19.95,my_bank_statement_copy
2025-08-17,PIZZA CAPRI - CHICAGO,pizza capri chicago,f16ed8e48f8cf7adce73e6afa4fb17597dae93cd,-51.0,51.0,Dining,bank,Food & Drink,Dining,pizza capri chicago,08/17/2025,08/19/2025,PIZZA CAPRI - CHICAGO,Food & Drink,Sale,-51.0,,51.0,my_bank_statement_copy
2025-08-17,LYFT   *RIDE SUN 4PM,lyft ride sun,f0db4d8fd56351719bb9d9cb8b556fb0ef9adad8,-14.8,14.8,Travel,bank,Travel,Travel,lyft ride sun 4pm,08/17/2025,08/18/2025,LYFT   *RIDE SUN 4PM,Travel,Sale,-14.8,,14.8,my_bank_statement_copy
2025-08-17,LYFT   *RIDE SAT 8PM,lyft ride sat,bd919ab65a61e3a366e49080808fd580d15e3d68,-12.83,12.83,Travel,bank,Travel,Travel,lyft ride sat 8pm,08/17/2025,08/17/2025,LYFT   *RIDE SAT 8PM,Travel,Sale,-12.83,,12.83,my_bank_statement_copy
2025-08-17,ART INST-MAIN MUS SHOP,art inst main,99e349270af81a5a2bbf165e4411432f76baaca2,-1.65,1.65,Shopping,bank,Shopping,Shopping,art inst main mus shop,08/17/2025,08/19/2025,ART INST-MAIN MUS SHOP,Shopping,Sale,-1.65,,1.65,my_bank_statement_copy
2025-08-18,Payment Thank You-Mobile,thank you mobile,cb04c289afb501a9cfbd5c7d3ad86267b1acdd8c,563.5,0.0,EXCLUDE,payment,,,payment thank you mobile,08/18/2025,08/18/2025,Payment Thank You-Mobile,,Payment,563.5,,0.0,my_bank_statement_copy
2025-08-19,TST* SIP AND SAVOR - SOUT,tst sip and,ba278081f466eae56f04c2f9179c79751c56d138,-8.27,8.27,Dining,bank,Food & Drink,Dining,tst sip and savor sout,08/19/2025,08/20/2025,TST* SIP AND SAVOR - SOUT,Food & Drink,Sale,-8.27,,8.27,my_bank_statement_copy
2025-08-19,SQ *ALMENDRO CAFE,sq almendro cafe,ff1f23b891dd3017bb726841fa91e2979e3c6f97,-4.96,4.96,Dining,bank,Food & Drink,Dining,sq almendro cafe,08/19/2025,08/20/2025,SQ *ALMENDRO CAFE,Food & Drink,Sale,-4.96,,4.96,my_bank_statement_copy
2025-08-20,ISO STUDENT HEALTH INSURA,iso student health,5c76479a733ebd90c11c43baf2ee3628b30dc087,-1624.0,1624.0,Bills,bank,Bills & Utilities,Bills,iso student health insura,08/20/2025,08/21/2025,ISO STUDENT HEALTH INSURA,Bills & Utilities,Sale,-1624.0,,1624.0,my_bank_statement_copy
2025-08-20,SQ *SHAWARMAN,sq shawarman,129f1bfdd7d71eb911555397bdc98352d138863c,-26.19,26.19,Dining,bank,Food & Drink,Dining,sq shawarman,08/20/2025,08/21/2025,SQ *SHAWARMAN,Food & Drink,Sale,-26.19,,26.19,my_bank_statement_copy
2025-08-20,UCHICAGO FRENCH PRESS,uchicago french press,bfa946da397114a81205416893a86ce22ff86f04,-3.31,3.31,Education,bank,Education,Education,uchicago french press,08/20/2025,08/22/2025,UCHICAGO FRENCH PRESS,Education,Sale,-3.31,,3.31,my_bank_statement_copy
2025-08-21,SQ *ALMENDRO CAFE,sq almendro cafe,3706daa8d94e836d325e2eb28df9e4a7a69e7204,-14.77,14.77,Dining,bank,Food & Drink,Dining,sq almendro cafe,08/21/2025,08/22/2025,SQ *ALMENDRO CAFE,Food & Drink,Sale,-14.77,,14.77,my_bank_statement_copy
2025-08-21,LYFT   *RIDE WED 1PM,lyft ride wed,6c00395768afa2f8cb2c8ad68bce8244523bdb3a,-8.99,8.99,Travel,bank,Travel,Travel,lyft ride wed 1pm,08/21/2025,08/22/2025,LYFT   *RIDE WED 1PM,Travel,Sale,-8.99,,8.99,my_bank_statement_copy
2025-08-22,Payment Thank You-Mobile,thank you mobile,7d79bdfc6dbac5b123700d7bd2a354dd8927409f,1869.49,0.0,EXCLUDE,payment,,,payment thank you mobile,08/22/2025,08/22/2025,Payment Thank You-Mobile,,Payment,1869.49,,0.0,my_bank_statement_copy
2025-08-23,TST* HOWL AT THE MOON - C,tst howl at,c30185c1faac1e8541eee48b74b5ecca01dcfb62,-48.0,48.0,Dining,bank,Food & Drink,Dining,tst howl at the moon c,08/23/2025,08/24/2025,TST* HOWL AT THE MOON - C,Food & Drink,Sale,-48.0,,48.0,my_bank_statement_copy
2025-08-23,LYFT   *RIDE SAT 1PM,lyft ride sat,78b3bd3a3ee471b536fd7bfa2d58a98265fe4141,-11.79,11.79,Travel,bank,Travel,Travel,lyft ride sat 1pm,08/23/2025,08/24/2025,LYFT   *RIDE SAT 1PM,Travel,Sale,-11.79,,11.79,my_bank_statement_copy
2025-08-23,LYFT   *RIDE FRI 3PM,lyft ride fri,f1ae0010aea31f45c96cfb8524b3e76f62e5c490,-18.59,18.59,Travel,bank,Travel,Travel,lyft ride fri 3pm,08/23/2025,08/24/2025,LYFT   *RIDE FRI 3PM,Travel,Sale,-18.59,,18.59,my_bank_statement_copy
2025-08-24,LYFT   *RIDE SAT 3PM,lyft ride sat,a68d7b7e2410ec4ed99d263119b2d026f3596f94,-15.8,15.8,Travel,bank,Travel,Travel,lyft ride sat 3pm,08/24/2025,08/24/2025,LYFT   *RIDE SAT 3PM,Travel,Sale,-15.8,,15.8,my_bank_statement_copy
2025-08-24,UBER   *TRIP,uber trip,516c99244401c9d3d6cbd0afcea137e86008b830,-8.2,8.2,Travel,bank,Travel,Travel,uber trip,08/24/2025,08/25/2025,UBER   *TRIP,Travel,Sale,-8.2,,8.2,my_bank_statement_copy
2025-08-24,DIVVYBI*1 RIDE,divvybi ride,11c2b9c01d7d399412df17118bdddae26e8081a8,-7.59,7.59,Travel,bank,Travel,Travel,divvybi1 ride,08/24/2025,08/25/2025,DIVVYBI*1 RIDE,Travel,Sale,-7.59,,7.59,my_bank_statement_copy
2025-08-24,CTLP*PHOTOBOOTH VEND,ctlpphotobooth vend,01c36e85077fca7bd855c27bb9c3ca2e06c2a71b,-8.0,8.0,Entertainment,bank,Entertainment,Entertainment,ctlpphotobooth vend,08/24/2025,08/25/2025,CTLP*PHOTOBOOTH VEND,Entertainment,Sale,-8.0,,8.0,my_bank_statement_copy
2025-08-24,PRIMARK CHICAGO STATE STR,primark chicago state,5154d4ddc548582d8f80888911959177ce78d8d4,-29.32,29.32,Shopping,bank,Shopping,Shopping,primark chicago state str,08/24/2025,08/25/2025,PRIMARK CHICAGO STATE STR,Shopping,Sale,-29.32,,29.32,my_bank_statement_copy
2025-08-25,LYFT   *RIDE SUN 4PM,lyft ride sun,4679f831aa5de96062ea7336c91c74f281641a95,-11.88,11.88,Travel,bank,Travel,Travel,lyft ride sun 4pm,08/25/2025,08/25/2025,LYFT   *RIDE SUN 4PM,Travel,Sale,-11.88,,11.88,my_bank_statement_copy
2025-08-25,TST* LEYE - NAVY PIER,tst leye navy,4b6b6a525da752ea4769b53787b89a810e230570,-6.92,6.92,Dining,bank,Food & Drink,Dining,tst leye navy pier,08/25/2025,08/26/2025,TST* LEYE - NAVY PIER,Food & Drink,Sale,-6.92,,6.92,my_bank_statement_copy
2025-08-26,TST*LABRIOLA - CHICAGO 5,tstlabriola chicago,b1d8054e513f8473c48ef73237ec6e15e8307bc1,-120.6,120.6,Dining,bank,Food & Drink,Dining,tstlabriola chicago 5,08/26/2025,08/27/2025,TST*LABRIOLA - CHICAGO 5,Food & Drink,Sale,-120.6,,120.6,my_bank_statement_copy
2025-08-27,TARGET        00032193,target,e2a0229cedc3df6b44cf639dbcbd8628b5c1cea8,-22.32,22.32,Shopping,bank,Shopping,Shopping,target 00032193,08/27/2025,08/28/2025,TARGET        00032193,Shopping,Sale,-22.32,,22.32,my_bank_statement_copy
2025-08-27,SQ *ALMENDRO CAFE,sq almendro cafe,fb04ea549ec5cafc4eeffa968e989cf60e4e10ca,-4.96,4.96,Dining,bank,Food & Drink,Dining,sq almendro cafe,08/27/2025,08/28/2025,SQ *ALMENDRO CAFE,Food & Drink,Sale,-4.96,,4.96,my_bank_statement_copy
2025-08-28,LYFT   *RIDE THU 10AM,lyft ride thu,56187e27feb53bb4d8daeb10e0f4914eee25e200,-13.99,13.99,Travel,bank,Travel,Travel,lyft ride thu 10am,08/28/2025,08/29/2025,LYFT   *RIDE THU 10AM,Travel,Sale,-13.99,,13.99,my_bank_statement_copy
2025-08-29,DUNKIN #343358 Q35,dunkin q,b0f62f6efa3508e20c05f72949d041f73086251d,-6.71,6.71,Dining,bank,Food & Drink,Dining,dunkin 343358 q35,08/29/2025,08/31/2025,DUNKIN #343358 Q35,Food & Drink,Sale,-6.71,,6.71,my_bank_statement_copy
2025-08-29,TACO BELL 733484,taco bell,244172577d897111bc1ac2ab0cd8bd216b8bbc96,-7.91,7.91,Dining,bank,Food & Drink,Dining,taco bell 733484,08/29/2025,08/31/2025,TACO BELL 733484,Food & Drink,Sale,-7.91,,7.91,my_bank_statement_copy
2025-08-29,Subway 7659,subway,2e3dd55a9f258e46a18133e14eef11d7cb6f6e7f,-6.09,6.09,Dining,bank,Food & Drink,Dining,subway 7659,08/29/2025,08/29/2025,Subway 7659,Food & Drink,Sale,-6.09,,6.09,my_bank_statement_copy
2025-08-29,7-ELEVEN 33892,eleven,b3b024a6058db91b0c2e07a08510469ac24f5ff8,-6.93,6.93,Travel,bank,Gas,Travel,7 eleven 33892,08/29/2025,08/31/2025,7-ELEVEN 33892,Gas,Sale,-6.93,,6.93,my_bank_statement_copy
2025-08-30,LYFT   *RIDE FRI 3PM,lyft ride fri,d133d8e1b0d073df04567339fc74fb50593f901b,-20.01,20.01,Travel,bank,Travel,Travel,lyft ride fri 3pm,08/30/2025,08/31/2025,LYFT   *RIDE FRI 3PM,Travel,Sale,-20.01,,20.01,my_bank_statement_copy
2025-09-01,STARBUCKS 8007827282,starbucks,4953fe998973898d52dc078565353ee59fe2d8c4,-10.0,10.0,Dining,bank,Food & Drink,Dining,starbucks 8007827282,09/01/2025,09/01/2025,STARBUCKS 8007827282,Food & Drink,Sale,-10.0,,10.0,my_bank_statement_copy
2025-09-01,Payment Thank You-Mobile,thank you mobile,7a95e526b144882b463a16e373be1139af875e57,402.68,0.0,EXCLUDE,payment,,,payment thank you mobile,09/01/2025,09/01/2025,Payment Thank You-Mobile,,Payment,402.68,,0.0,my_bank_statement_copy
2025-09-02,LSU Broken English Tac,lsu broken english,2f588f41454ed975e2eb80bb07882f4a2b700377,-67.35,67.35,Dining,bank,Food & Drink,Dining,lsu broken english tac,09/02/2025,09/04/2025,LSU Broken English Tac,Food & Drink,Sale,-67.35,,67.35,my_bank_statement_copy
2025-09-02,AMC 9640 ONLINE,amc,bda0f92f7c9681c1bc3a04bb597d8e2a739e3a6c,-29.11,29.11,Entertainment,bank,Entertainment,Entertainment,amc 9640 online,09/02/2025,09/03/2025,AMC 9640 ONLINE,Entertainment,Sale,-29.11,,29.11,my_bank_statement_copy
2025-09-02,AMC 9640 ONLINE,amc,1129d48ce2c2671da22e0c73bc20171078b2b8ec,-11.47,11.47,Entertainment,bank,Entertainment,Entertainment,amc 9640 online,09/02/2025,09/03/2025,AMC 9640 ONLINE,Entertainment,Sale,-11.47,,11.47,my_bank_statement_copy
2025-09-02,REI.COM  800-426-4840,reicom,c3d9060d0685c52caf60a93ab54fbef3df054534,-119.0,119.0,Shopping,bank,Shopping,Shopping,reicom 800 426 4840,09/02/2025,09/03/2025,REI.COM  800-426-4840,Shopping,Sale,-119.0,,119.0,my_bank_statement_copy
2025-09-03,LYFT   *RIDE TUE 6PM,lyft ride tue,1bff60cf7e12711e277cf63b611879252c1ee0d1,-14.94,14.94,Travel,bank,Travel,Travel,lyft ride tue 6pm,09/03/2025,09/03/2025,LYFT   *RIDE TUE 6PM,Travel,Sale,-14.94,,14.94,my_bank_statement_copy
2025-09-03,TRADER JOE S #706,trader joe s,47f85c69f147a3fe656a8e11d517c86268d96910,-59.04,59.04,Groceries,bank,Groceries,Groceries,trader joe s 706,09/03/2025,09/05/2025,TRADER JOE S #706,Groceries,Sale,-59.04,,59.04,my_bank_statement_copy
2025-09-03,TST* CHICAGO BREWHOUSE,tst chicago brewhouse,e1e673001b383e0f66c46fa36f3852919e081b11,-40.2,40.2,Dining,bank,Food & Drink,Dining,tst chicago brewhouse,09/03/2025,09/04/2025,TST* CHICAGO BREWHOUSE,Food & Drink,Sale,-40.2,,40.2,my_bank_statement_copy
2025-09-04,SWEET DRIP,sweet drip,ea16782a48defeba7528f5bbdd874879b7d5a16d,-5.67,5.67,Dining,bank,Food & Drink,Dining,sweet drip,09/04/2025,09/05/2025,SWEET DRIP,Food & Drink,Sale,-5.67,,5.67,my_bank_statement_copy
2025-09-06,Payment Thank You-Mobile,thank you mobile,bb9111b4aef9a51d7c388eba95708822161d4994,356.78,0.0,EXCLUDE,payment,,,payment thank you mobile,09/06/2025,09/07/2025,Payment Thank You-Mobile,,Payment,356.78,,0.0,my_bank_statement_copy
2025-09-06,PIZZA CAPRI - CHICAGO,pizza capri chicago,4ac28689d17e4fd2d3955222be63f74ed8394459,-71.0,71.0,Dining,bank,Food & Drink,Dining,pizza capri chicago,09/06/2025,09/08/2025,PIZZA CAPRI - CHICAGO,Food & Drink,Sale,-71.0,,71.0,my_bank_statement_copy
2025-09-07,BOOKING.COM* 1O9OFEPCL,bookingcom oofepcl,c184507f9cf33895b207627919e7cbe5e1e433da,-1062.18,1062.18,Travel,bank,Travel,Travel,bookingcom 1o9ofepcl,09/07/2025,09/08/2025,BOOKING.COM* 1O9OFEPCL,Travel,Sale,-1062.18,,1062.18,my_bank_statement_copy
2025-09-07,WHOLEFDS HDP#10458,wholefds hdp,71392d8659e4b836b5ab203ce4dd4e67fd758b55,-20.41,20.41,Groceries,bank,Groceries,Groceries,wholefds hdp10458,09/07/2025,09/08/2025,WHOLEFDS HDP#10458,Groceries,Sale,-20.41,,20.41,my_bank_statement_copy
2025-09-07,PAYRANGE MOBILE,payrange mobile,f7ce65b138635776a098703e51b25fd44d792fdd,-25.0,25.0,Bills,bank,Bills & Utilities,Bills,payrange mobile,09/07/2025,09/08/2025,PAYRANGE MOBILE,Bills & Utilities,Sale,-25.0,,25.0,my_bank_statement_copy
2025-09-07,TRADER JOE S #706,trader joe s,7de26907e15ce306cd7d94d399513c53863c58a6,-95.15,95.15,Groceries,bank,Groceries,Groceries,trader joe s 706,09/07/2025,09/09/2025,TRADER JOE S #706,Groceries,Sale,-95.15,,95.15,my_bank_statement_copy
2025-09-08,CURB CHI TAXI,curb chi taxi,b9c888e390a4e41e2abf7807260dd9b7d286b3d1,-94.25,94.25,Travel,bank,Travel,Travel,curb chi taxi,09/08/2025,09/09/2025,CURB CHI TAXI,Travel,Sale,-94.25,,94.25,my_bank_statement_copy
2025-09-08,HOLLISTER CO.,hollister co,bfcbd0c0e6604ab4bfa2aedf75acdc4b47d85739,-56.56,56.56,Shopping,bank,Shopping,Shopping,hollister co,09/08/2025,09/09/2025,HOLLISTER CO.,Shopping,Sale,-56.56,,56.56,my_bank_statement_copy
2025-09-09,360 Chicago,chicago,ce821220f7b906e2749432e3ca76447ae693cf38,-102.0,102.0,Entertainment,bank,Entertainment,Entertainment,360 chicago,09/09/2025,09/10/2025,360 Chicago,Entertainment,Sale,-102.0,,102.0,my_bank_statement_copy
2025-09-09,TST*WHISPERS AT MARIANO,tstwhispers at mariano,e9a246648df0215cd4e51c9a8eab1a28161f1767,-12.01,12.01,Dining,bank,Food & Drink,Dining,tstwhispers at mariano,09/09/2025,09/11/2025,TST*WHISPERS AT MARIANO,Food & Drink,Sale,-12.01,,12.01,my_bank_statement_copy
2025-09-10,LYFT   *RIDE TUE 2PM,lyft ride tue,924acd99f7bfc241e442e93fb28594e60f67c617,-19.69,19.69,Travel,bank,Travel,Travel,lyft ride tue 2pm,09/10/2025,09/11/2025,LYFT   *RIDE TUE 2PM,Travel,Sale,-19.69,,19.69,my_bank_statement_copy
2025-09-10,WHOLEFDS HDP#10458,wholefds hdp,536e3d5e09f70f4c9f26bd03255512bf5fab3a98,-4.57,4.57,Groceries,bank,Groceries,Groceries,wholefds hdp10458,09/10/2025,09/11/2025,WHOLEFDS HDP#10458,Groceries,Sale,-4.57,,4.57,my_bank_statement_copy
2025-09-10,Payment Thank You-Mobile,thank you mobile,4a4c84f2d1008f2c781f337e91f14e3fc655cd54,1526.55,0.0,EXCLUDE,payment,,,payment thank you mobile,09/10/2025,09/11/2025,Payment Thank You-Mobile,,Payment,1526.55,,0.0,my_bank_statement_copy
2025-09-11,ADLER PLANETARIUM,adler planetarium,e89b1eb28125b88d36ec2ea361678ae3bfc7266b,-45.0,45.0,Entertainment,bank,Entertainment,Entertainment,adler planetarium,09/11/2025,09/12/2025,ADLER PLANETARIUM,Entertainment,Sale,-45.0,,45.0,my_bank_statement_copy
2025-09-11,MACYS 215 SST SBUX 72622,macys sst sbux,045f4c108a4e6041017bd5362eb48bff16f156c6,-5.93,5.93,Dining,bank,Food & Drink,Dining,macys 215 sst sbux 72622,09/11/2025,09/14/2025,MACYS 215 SST SBUX 72622,Food & Drink,Sale,-5.93,,5.93,my_bank_statement_copy
2025-09-12,NORDSTROM-RACK #0274,nordstrom rack,b2f828b8bd71fc99aedfbe5a8cfa80e2e45d7a58,-176.33,176.33,Shopping,bank,Shopping,Shopping,nordstrom rack 0274,09/12/2025,09/14/2025,NORDSTROM-RACK #0274,Shopping,Sale,-176.33,,176.33,my_bank_statement_copy
2025-09-12,LYFT   *RIDE WED 9PM,lyft ride wed,80ae8d7beeab5d8745d8185c468c9aa17fa3324f,-13.7,13.7,Travel,bank,Travel,Travel,lyft ride wed 9pm,09/12/2025,09/12/2025,LYFT   *RIDE WED 9PM,Travel,Sale,-13.7,,13.7,my_bank_statement_copy
2025-09-12,PRIMARK CHICAGO STATE STR,primark chicago state,04ab2aa0c7e4b5b00c7c1521e0825b05be22cc37,-51.82,51.82,Shopping,bank,Shopping,Shopping,primark chicago state str,09/12/2025,09/14/2025,PRIMARK CHICAGO STATE STR,Shopping,Sale,-51.82,,51.82,my_bank_statement_copy
2025-09-12,ROSS STORES #1716,ross stores,d880a7d1cc649ca9456f1678aa116670eb3764f3,-40.76,40.76,Shopping,bank,Shopping,Shopping,ross stores 1716,09/12/2025,09/14/2025,ROSS STORES #1716,Shopping,Sale,-40.76,,40.76,my_bank_statement_copy
2025-09-12,Subway 7706,subway,9358a55802fdc0ca71edaca5a763d8edfe952a18,-14.28,14.28,Dining,bank,Food & Drink,Dining,subway 7706,09/12/2025,09/14/2025,Subway 7706,Food & Drink,Sale,-14.28,,14.28,my_bank_statement_copy
2025-09-12,WHOLEFDS HDP#10458,wholefds hdp,87aa7ff5393ca6a392fdaa20ed98d7111325a12d,-1.42,1.42,Groceries,bank,Groceries,Groceries,wholefds hdp10458,09/12/2025,09/14/2025,WHOLEFDS HDP#10458,Groceries,Sale,-1.42,,1.42,my_bank_statement_copy
2025-09-13,SP AKIRA,sp akira,3af0d98c91c541b5755f65ae9e8322e3e9f69ba8,-27.46,27.46,Shopping,bank,Shopping,Shopping,sp akira,09/13/2025,09/14/2025,SP AKIRA,Shopping,Sale,-27.46,,27.46,my_bank_statement_copy
2025-09-13,CVS/PHARMACY #05836,cvs pharmacy,c02ba1793f3a939d21cab5be714aa550f05308e3,-15.99,15.99,Groceries,bank,Health & Wellness,Health,cvs pharmacy 05836,09/13/2025,09/14/2025,CVS/PHARMACY #05836,Health & Wellness,Sale,-15.99,,15.99,my_bank_statement_copy
2025-09-13,VEGGIE HOUSE,veggie house,c5d408212fc63f9b4910cde224a221721c31e912,-48.03,48.03,Dining,bank,Food & Drink,Dining,veggie house,09/13/2025,09/14/2025,VEGGIE HOUSE,Food & Drink,Sale,-48.03,,48.03,my_bank_statement_copy
2025-09-13,TARGET        00032193,target,0c1128e368901f587526615cfa1cf6c4b5333523,-9.45,9.45,Shopping,bank,Shopping,Shopping,target 00032193,09/13/2025,09/15/2025,TARGET        00032193,Shopping,Sale,-9.45,,9.45,my_bank_statement_copy
2025-09-13,TRADER JOE S #706,trader joe s,0bc779adcffa82bd579de75398d4b04237b90bac,-44.17,44.17,Groceries,bank,Groceries,Groceries,trader joe s 706,09/13/2025,09/15/2025,TRADER JOE S #706,Groceries,Sale,-44.17,,44.17,my_bank_statement_copy
2025-09-13,MACYS   .COM,macys com,daaccf7075955cc6c6d91d024b4625ca8e61b09d,-57.29,57.29,Shopping,bank,Shopping,Shopping,macys com,09/13/2025,09/14/2025,MACYS   .COM,Shopping,Sale,-57.29,,57.29,my_bank_statement_copy
2025-09-14,LYFT   *RIDE FRI 7PM,lyft ride fri,75908987cb769193ebc95913abe899f527b3f3bf,-14.23,14.23,Travel,bank,Travel,Travel,lyft ride fri 7pm,09/14/2025,09/14/2025,LYFT   *RIDE FRI 7PM,Travel,Sale,-14.23,,14.23,my_bank_statement_copy
2025-09-14,UBER   *TRIP,uber trip,7429b1f1254527be5d07ca8399e23c33d596ad75,-57.52,57.52,Travel,bank,Travel,Travel,uber trip,09/14/2025,09/15/2025,UBER   *TRIP,Travel,Sale,-57.52,,57.52,my_bank_statement_copy
2025-09-14,KOHL'S #1152,kohls,af56789b0347dbd67df341b99896d144d9473add,-66.1,66.1,Shopping,bank,Shopping,Shopping,kohls 1152,09/14/2025,09/15/2025,KOHL'S #1152,Shopping,Sale,-66.1,,66.1,my_bank_statement_copy
2025-09-14,LYFT   *CANCEL FEE,lyft cancel fee,7131785d9cae0357778f59f50a5273bf7a26870b,-1.0,1.0,Travel,bank,Travel,Travel,lyft cancel fee,09/14/2025,09/15/2025,LYFT   *CANCEL FEE,Travel,Sale,-1.0,,1.0,my_bank_statement_copy
2025-09-15,BYT*KING COUNTY METRO,bytking county metro,a8db140485887b983b770e06da1ba8ab5220c23e,-18.0,18.0,Travel,bank,Travel,Travel,bytking county metro,09/15/2025,09/16/2025,BYT*KING COUNTY METRO,Travel,Sale,-18.0,,18.0,my_bank_statement_copy
2025-09-15,TARGET        00027862,target,99068f803660ba4d474a05b076f46728036ca53b,-17.93,17.93,Shopping,bank,Shopping,Shopping,target 00027862,09/15/2025,09/17/2025,TARGET        00027862,Shopping,Sale,-17.93,,17.93,my_bank_statement_copy
2025-09-15,BOOKING.COM* 1LG8EQBFO,bookingcom lgeqbfo,94c642f4982684007e970cc813300c9f286bef2b,-276.2,276.2,Travel,bank,Travel,Travel,bookingcom 1lg8eqbfo,09/15/2025,09/15/2025,BOOKING.COM* 1LG8EQBFO,Travel,Sale,-276.2,,276.2,my_bank_statement_copy
2025-09-16,bathandbodyworks.com,bathandbodyworkscom,61ea5c6e174a00ea436f6587c13e1a7f54b4abd8,-27.56,27.56,Shopping,bank,Shopping,Shopping,bathandbodyworkscom,09/16/2025,09/16/2025,bathandbodyworks.com,Shopping,Sale,-27.56,,27.56,my_bank_statement_copy
2025-09-16,Payment Thank You-Mobile,thank you mobile,afae736f3ed6fccfab5960bcfa9d14e352b0412c,1002.95,0.0,EXCLUDE,payment,,,payment thank you mobile,09/16/2025,09/16/2025,Payment Thank You-Mobile,,Payment,1002.95,,0.0,my_bank_statement_copy
2025-09-16,SQ *BOTTEGA GELATO,sq bottega gelato,721083341b1692aa12735c56ce7b3b264cef9a3b,-11.02,11.02,Dining,bank,Food & Drink,Dining,sq bottega gelato,09/16/2025,09/17/2025,SQ *BOTTEGA GELATO,Food & Drink,Sale,-11.02,,11.02,my_bank_statement_copy
2025-09-16,UBER   *TRIP,uber trip,301e441b88afde63948136898b2bcf559a6a9f66,-11.94,11.94,Travel,bank,Travel,Travel,uber trip,09/16/2025,09/17/2025,UBER   *TRIP,Travel,Sale,-11.94,,11.94,my_bank_statement_copy
2025-09-16,UNIQLO Pine Street,uniqlo pine street,1d1f46b39155cb6b66d18f8740de4bc1c3c2541e,-32.99,32.99,Shopping,bank,Shopping,Shopping,uniqlo pine street,09/16/2025,09/17/2025,UNIQLO Pine Street,Shopping,Sale,-32.99,,32.99,my_bank_statement_copy
2025-09-16,TARGET        00027862,target,4302c65fc3997229e1a1c3ae91d940f02cf6f1e1,14.33,0.0,Income,income,Shopping,Shopping,target 00027862,09/16/2025,09/18/2025,TARGET        00027862,Shopping,Return,14.33,,0.0,my_bank_statement_copy
2025-09-16,NORDSTROM-RACK #0016,nordstrom rack,1594072b3ec4e0a278d382a4ce5a062875650b4b,-99.22,99.22,Shopping,bank,Shopping,Shopping,nordstrom rack 0016,09/16/2025,09/17/2025,NORDSTROM-RACK #0016,Shopping,Sale,-99.22,,99.22,my_bank_statement_copy
2025-09-16,TARGET        00027862,target,e2fc18e1f4c41cdffe8680f00860ef18e7c42ef3,-18.79,18.79,Shopping,bank,Shopping,Shopping,target 00027862,09/16/2025,09/18/2025,TARGET        00027862,Shopping,Sale,-18.79,,18.79,my_bank_statement_copy
2025-09-16,TARGET        00027862,target,2dc567e6f0b84aae20db59344f1f4575c8f09e6a,-14.28,14.28,Shopping,bank,Shopping,Shopping,target 00027862,09/16/2025,09/18/2025,TARGET        00027862,Shopping,Sale,-14.28,,14.28,my_bank_statement_copy
2025-09-17,LS SEATTLE SHIRT COMP,ls seattle shirt,1b973e0c5e8adfc8e9b3db9d11a33c64dae7c778,-12.43,12.43,Shopping,bank,Shopping,Shopping,ls seattle shirt comp,09/17/2025,09/17/2025,LS SEATTLE SHIRT COMP,Shopping,Sale,-12.43,,12.43,my_bank_statement_copy
2025-09-17,TARGET        00027862,target,629a0c4a51153291505d5ba5d57d08129ed4ee77,-2.53,2.53,Shopping,bank,Shopping,Shopping,target 00027862,09/17/2025,09/18/2025,TARGET        00027862,Shopping,Sale,-2.53,,2.53,my_bank_statement_copy
2025-09-17,SQ *THE ORIGINAL PEGASUS,sq the original,2ff1725de7f13f7f41d65d864c028d35c68ac6c6,-27.85,27.85,Dining,bank,Food & Drink,Dining,sq the original pegasus,09/17/2025,09/18/2025,SQ *THE ORIGINAL PEGASUS,Food & Drink,Sale,-27.85,,27.85,my_bank_statement_copy
2025-09-17,NORDSTROM-RACK #0016,nordstrom rack,ca93d418800ef07b913c8163061195a17596a970,-27.55,27.55,Shopping,bank,Shopping,Shopping,nordstrom rack 0016,09/17/2025,09/18/2025,NORDSTROM-RACK #0016,Shopping,Sale,-27.55,,27.55,my_bank_statement_copy
2025-09-17,SQ *THE ORIGINAL PEGASUS,sq the original,1c8a147808461f7c7e190d4f912b895e406787d0,-5.46,5.46,Dining,bank,Food & Drink,Dining,sq the original pegasus,09/17/2025,09/18/2025,SQ *THE ORIGINAL PEGASUS,Food & Drink,Sale,-5.46,,5.46,my_bank_statement_copy
2025-09-17,TARGET        00027862,target,9ee61f8b31e0b0167d8be5f6cd01251421104a4b,-6.67,6.67,Shopping,bank,Shopping,Shopping,target 00027862,09/17/2025,09/19/2025,TARGET        00027862,Shopping,Sale,-6.67,,6.67,my_bank_statement_copy
2025-09-18,PETRO SPOKANE #339,petro spokane,f66483227419fa8e48b1aef967ffec2611699df5,-20.0,20.0,Travel,bank,Gas,Travel,petro spokane 339,09/18/2025,09/19/2025,PETRO SPOKANE #339,Gas,Sale,-20.0,,20.0,my_bank_statement_copy
2025-09-18,BKG*BOOKING.COM HOTEL,bkgbookingcom hotel,8daa64ae4596f0549cb675889b822fc1aa736e4f,-277.2,277.2,Travel,bank,Travel,Travel,bkgbookingcom hotel,09/18/2025,09/18/2025,BKG*BOOKING.COM HOTEL,Travel,Sale,-277.2,,277.2,my_bank_statement_copy
2025-09-18,SALISH LODGE - FALLS GIFT,salish lodge falls,136800dff40d552f01bac5e8530026ab092e12a3,-4.78,4.78,Shopping,bank,Shopping,Shopping,salish lodge falls gift,09/18/2025,09/19/2025,SALISH LODGE - FALLS GIFT,Shopping,Sale,-4.78,,4.78,my_bank_statement_copy
2025-09-18,MAIN MARKET CO-OP,main market co,a3fad4cb8e7d3604b8e2801c5db4a66412ff6577,-20.04,20.04,Groceries,bank,Groceries,Groceries,main market co op,09/18/2025,09/19/2025,MAIN MARKET CO-OP,Groceries,Sale,-20.04,,20.04,my_bank_statement_copy
2025-09-18,UNIQLO Pine Street,uniqlo pine street,fcbc1b05ea6e71c899f3f9ae0fa89716ab2387a3,-21.96,21.96,Shopping,bank,Shopping,Shopping,uniqlo pine street,09/18/2025,09/18/2025,UNIQLO Pine Street,Shopping,Sale,-21.96,,21.96,my_bank_statement_copy
2025-09-18,CO SPOKANE RIVERFRONT PAR,co spokane riverfront,f65fb0c0fb6a2b74e6fe0831b356598ab08f54cb,-47.75,47.75,Bills,bank,Bills & Utilities,Bills,co spokane riverfront par,09/18/2025,09/19/2025,CO SPOKANE RIVERFRONT PAR,Bills & Utilities,Sale,-47.75,,47.75,my_bank_statement_copy
2025-09-18,Subway 11538,subway,ce9c3b49461ea4a6d761c7b46b241e38c07eb37f,-24.41,24.41,Dining,bank,Food & Drink,Dining,subway 11538,09/18/2025,09/19/2025,Subway 11538,Food & Drink,Sale,-24.41,,24.41,my_bank_statement_copy
2025-09-18,Subway 11538,subway,d2fea403cd274b7694c18e185564a1dfefdf6e4f,-1.4,1.4,Dining,bank,Food & Drink,Dining,subway 11538,09/18/2025,09/19/2025,Subway 11538,Food & Drink,Sale,-1.4,,1.4,my_bank_statement_copy
2025-09-19,SQ *WHATZUP,sq whatzup,77f3198edd446a24ee4af8da76b1309fb567d697,-8.0,8.0,Dining,bank,Food & Drink,Dining,sq whatzup,09/19/2025,09/21/2025,SQ *WHATZUP,Food & Drink,Sale,-8.0,,8.0,my_bank_statement_copy
2025-09-19,CONOCO - ON YOUR WAY,conoco on your,9cadc48a60fc6906e4de059bd302e30945dc8d27,-27.95,27.95,Travel,bank,Gas,Travel,conoco on your way,09/19/2025,09/21/2025,CONOCO - ON YOUR WAY,Gas,Sale,-27.95,,27.95,my_bank_statement_copy
2025-09-19,SPOKANE PARKING METER,spokane parking meter,da656ace76f11a9444dc8858e75e95162a195d56,-2.54,2.54,Bills,bank,Bills & Utilities,Bills,spokane parking meter,09/19/2025,09/21/2025,SPOKANE PARKING METER,Bills & Utilities,Sale,-2.54,,2.54,my_bank_statement_copy
2025-09-19,SQ *HOOT OWL CAFE,sq hoot owl,cc1ca2006af4f83a2f922c5de041885fdc816e38,-46.93,46.93,Dining,bank,Food & Drink,Dining,sq hoot owl cafe,09/19/2025,09/21/2025,SQ *HOOT OWL CAFE,Food & Drink,Sale,-46.93,,46.93,my_bank_statement_copy
2025-09-19,BONNER FERRY SUPER,bonner ferry super,5958e5e487c96b67563deab794bf4372a5c30045,-24.58,24.58,Groceries,bank,Groceries,Groceries,bonner ferry super,09/19/2025,09/21/2025,BONNER FERRY SUPER,Groceries,Sale,-24.58,,24.58,my_bank_statement_copy
2025-09-19,76 - SAMS STOP,sams stop,35168cd1df2630150443f520a9b132e211e397a8,-27.74,27.74,Travel,bank,Gas,Travel,76 sams stop,09/19/2025,09/21/2025,76 - SAMS STOP,Gas,Sale,-27.74,,27.74,my_bank_statement_copy
2025-09-20,LAST BEST PIZZA,last best pizza,6a26933dd394ab961e66072f7d4f6425c9efdde9,-12.42,12.42,Dining,bank,Food & Drink,Dining,last best pizza,09/20/2025,09/22/2025,LAST BEST PIZZA,Food & Drink,Sale,-12.42,,12.42,my_bank_statement_copy
2025-09-20,LYFT   *1 RIDE 09-18,lyft ride,2ecd870c68c2aa7dc592b9e70d9e243492651bd4,-73.1,73.1,Travel,bank,Travel,Travel,lyft 1 ride 09 18,09/20/2025,09/21/2025,LYFT   *1 RIDE 09-18,Travel,Sale,-73.1,,73.1,my_bank_statement_copy
2025-09-20,WEST GLACIER MERCANTIL,west glacier mercantil,38c14a0e177506cb70595260a0a819bf7147f7ca,-22.98,22.98,Groceries,bank,Groceries,Groceries,west glacier mercantil,09/20/2025,09/21/2025,WEST GLACIER MERCANTIL,Groceries,Sale,-22.98,,22.98,my_bank_statement_copy
2025-09-20,GLACIER NATIONAL PARK,glacier national park,f37e0232e16c18b215680b7822217c1fc7906f7e,-35.0,35.0,Bills,bank,Bills & Utilities,Bills,glacier national park,09/20/2025,09/21/2025,GLACIER NATIONAL PARK,Bills & Utilities,Sale,-35.0,,35.0,my_bank_statement_copy
2025-09-20,WEST GLACIER CAFE,west glacier cafe,da9f89f5f33edfd5c1ef6b627caca1ede3380eeb,-6.24,6.24,Dining,bank,Food & Drink,Dining,west glacier cafe,09/20/2025,09/21/2025,WEST GLACIER CAFE,Food & Drink,Sale,-6.24,,6.24,my_bank_statement_copy
2025-09-20,COPPERMOUNTAINCOFFEE,coppermountaincoffee,32e3a1f5dbc336c8edfc1387ade8cc9de2af0e40,-5.35,5.35,Dining,bank,Food & Drink,Dining,coppermountaincoffee,09/20/2025,09/21/2025,COPPERMOUNTAINCOFFEE,Food & Drink,Sale,-5.35,,5.35,my_bank_statement_copy
2025-09-21,Payment Thank You-Mobile,thank you mobile,8389ac9560167bc3522a61f5ded572526de558ac,737.43,0.0,EXCLUDE,payment,,,payment thank you mobile,09/21/2025,09/21/2025,Payment Thank You-Mobile,,Payment,737.43,,0.0,my_bank_statement_copy
2025-09-21,WEST GLACIER CAFE,west glacier cafe,ad5fd0c5f9fc81540c2f4e15db820b2075d973ac,-4.68,4.68,Dining,bank,Food & Drink,Dining,west glacier cafe,09/21/2025,09/22/2025,WEST GLACIER CAFE,Food & Drink,Sale,-4.68,,4.68,my_bank_statement_copy
2025-09-22,Payment Thank You-Mobile,thank you mobile,de35c860cc00bb6456df4b1bc21f0136ea88400b,1500.0,0.0,EXCLUDE,payment,,,payment thank you mobile,09/22/2025,09/22/2025,Payment Thank You-Mobile,,Payment,1500.0,,0.0,my_bank_statement_copy
2025-09-22,BROWNING #1107,browning,1cc20de42c8085eace075f46f25d72b1fb169699,-29.87,29.87,Travel,bank,Gas,Travel,browning 1107,09/22/2025,09/23/2025,BROWNING #1107,Gas,Sale,-29.87,,29.87,my_bank_statement_copy
2025-09-23,Subway 17404,subway,b0bc5ab44cbb4a528e1f33676e17b4b3fbc93f5f,-14.81,14.81,Dining,bank,Food & Drink,Dining,subway 17404,09/23/2025,09/24/2025,Subway 17404,Food & Drink,Sale,-14.81,,14.81,my_bank_statement_copy
2025-09-23,GLACIER PEAKS HOTEL,glacier peaks hotel,4c3778bb54c57038366d606e075e2b380898af2d,-822.21,822.21,Travel,bank,Travel,Travel,glacier peaks hotel,09/23/2025,09/24/2025,GLACIER PEAKS HOTEL,Travel,Sale,-822.21,,822.21,my_bank_statement_copy
2025-09-23,HM.COM,hmcom,7df279e0da2920fa2ae468de7df3c7556f3a0115,-91.73,91.73,Shopping,bank,Shopping,Shopping,hmcom,09/23/2025,09/24/2025,HM.COM,Shopping,Sale,-91.73,,91.73,my_bank_statement_copy
2025-09-23,HUCKLEBERRY PATCH HUNGRY,huckleberry patch hungry,2b89bbda6319f17fc1eb4ebd96f9cf9715c012ba,-7.9,7.9,Dining,bank,Food & Drink,Dining,huckleberry patch hungry,09/23/2025,09/25/2025,HUCKLEBERRY PATCH HUNGRY,Food & Drink,Sale,-7.9,,7.9,my_bank_statement_copy
2025-09-23,CONOCO - HELLGATE SERV,conoco hellgate serv,3c2e1348d78485ee07735ed409631f96090db2c0,-21.84,21.84,Travel,bank,Gas,Travel,conoco hellgate serv,09/23/2025,09/25/2025,CONOCO - HELLGATE SERV,Gas,Sale,-21.84,,21.84,my_bank_statement_copy
2025-09-23,ALBERTSONS #0024,albertsons,a796a41fc6359752eb53a470abec400d6bf6896a,-31.05,31.05,Groceries,bank,Groceries,Groceries,albertsons 0024,09/23/2025,09/25/2025,ALBERTSONS #0024,Groceries,Sale,-31.05,,31.05,my_bank_statement_copy
2025-09-23,HUCKLEBERRY PATCH HUNGRY,huckleberry patch hungry,cd02ea7cb0f42f48e032da58c07c5bd3f7eb6096,-6.95,6.95,Dining,bank,Food & Drink,Dining,huckleberry patch hungry,09/23/2025,09/25/2025,HUCKLEBERRY PATCH HUNGRY,Food & Drink,Sale,-6.95,,6.95,my_bank_statement_copy
2025-09-24,CONOCO - S &amp; S FOODS,conoco s amp,a72bdac952fffdd3a4f99c984bf3649a21624fa5,-5.49,5.49,Travel,bank,Gas,Travel,conoco s amp s foods,09/24/2025,09/25/2025,CONOCO - S &amp; S FOODS,Gas,Sale,-5.49,,5.49,my_bank_statement_copy
2025-09-24,KOHL'S #1515,kohls,9f053400a73457bda5626a8a6ba3a9e8a35956b5,-54.98,54.98,Shopping,bank,Shopping,Shopping,kohls 1515,09/24/2025,09/25/2025,KOHL'S #1515,Shopping,Sale,-54.98,,54.98,my_bank_statement_copy
2025-09-24,COPPERMOUNTAINCOFFEE,coppermountaincoffee,9250385c7d07703ad4e0bbb1c863b00edbf3365a,-8.9,8.9,Dining,bank,Food & Drink,Dining,coppermountaincoffee,09/24/2025,09/25/2025,COPPERMOUNTAINCOFFEE,Food & Drink,Sale,-8.9,,8.9,my_bank_statement_copy
2025-09-25,SQ *LITTLE GARDEN CAFE,sq little garden,eaf86a22ddbbbb3c8d60efbc3371476045287e34,-14.95,14.95,Dining,bank,Food & Drink,Dining,sq little garden cafe,09/25/2025,09/26/2025,SQ *LITTLE GARDEN CAFE,Food & Drink,Sale,-14.95,,14.95,my_bank_statement_copy
2025-09-25,SHELL OIL 57425436300,shell oil,0bd12ee74522b35899082b2b5972013ce16ab092,-39.33,39.33,Travel,bank,Gas,Travel,shell oil 57425436300,09/25/2025,09/28/2025,SHELL OIL 57425436300,Gas,Sale,-39.33,,39.33,my_bank_statement_copy
2025-09-25,SQ *WHISTLEPUNK ICE CREAM,sq whistlepunk ice,83499ab9b4539cd39fbbd353c0c4f9a993cded71,-14.66,14.66,Dining,bank,Food & Drink,Dining,sq whistlepunk ice cream,09/25/2025,09/26/2025,SQ *WHISTLEPUNK ICE CREAM,Food & Drink,Sale,-14.66,,14.66,my_bank_statement_copy
2025-09-25,SHELL OIL 57425436300,shell oil,90e44398eb8453b7ad35c280cc0f84d2fa94e3f1,-6.42,6.42,Travel,bank,Gas,Travel,shell oil 57425436300,09/25/2025,09/28/2025,SHELL OIL 57425436300,Gas,Sale,-6.42,,6.42,my_bank_statement_copy
2025-09-25,CONOCO - DIVINE LIBERT,conoco divine libert,69ea68d0347b5079d23f07e53c1a212287786a39,-20.0,20.0,Travel,bank,Gas,Travel,conoco divine libert,09/25/2025,09/26/2025,CONOCO - DIVINE LIBERT,Gas,Sale,-20.0,,20.0,my_bank_statement_copy
2025-09-26,HUDSON ST 1499,hudson st,a95beda868c51c123bcf1271c711e8e00acbb7c1,-6.6,6.6,Shopping,bank,Shopping,Shopping,hudson st 1499,09/26/2025,09/28/2025,HUDSON ST 1499,Shopping,Sale,-6.6,,6.6,my_bank_statement_copy
2025-09-26,SHELL OIL10005968010,shell oil,b12bbcd9faac118a5f60dd92040477a42ed68374,-2.18,2.18,Travel,bank,Gas,Travel,shell oil10005968010,09/26/2025,09/28/2025,SHELL OIL10005968010,Gas,Sale,-2.18,,2.18,my_bank_statement_copy
2025-09-26,SIXT 9604623277,sixt,1b28dbaf99aba2f565de4c742a6e01069adbbe88,-883.28,883.28,Travel,bank,Travel,Travel,sixt 9604623277,09/26/2025,09/28/2025,SIXT 9604623277,Travel,Sale,-883.28,,883.28,my_bank_statement_copy
2025-09-26,LS LEAVENWORTH SHIRT,ls leavenworth shirt,35745c72eda067ba77e1ddb8eb130258d7840f7b,-7.81,7.81,Shopping,bank,Shopping,Shopping,ls leavenworth shirt,09/26/2025,09/26/2025,LS LEAVENWORTH SHIRT,Shopping,Sale,-7.81,,7.81,my_bank_statement_copy
2025-09-26,ARCO#81686BARAKAH LLC,arcobarakah llc,97a547b832a9e4c350567f2f12882af3f6052fba,-25.64,25.64,Travel,bank,Gas,Travel,arco81686barakah llc,09/26/2025,09/28/2025,ARCO#81686BARAKAH LLC,Gas,Sale,-25.64,,25.64,my_bank_statement_copy
2025-09-27,Ghirardelli Chicago,ghirardelli chicago,980a67ad78b1cf5b4a27f3b6747c1d9940d5991c,-14.75,14.75,Groceries,bank,Groceries,Groceries,ghirardelli chicago,09/27/2025,09/28/2025,Ghirardelli Chicago,Groceries,Sale,-14.75,,14.75,my_bank_statement_copy
2025-09-28,TARGET        00032193,target,668b8884beddd165ea6753fc43086c50130aed49,-27.09,27.09,Shopping,bank,Shopping,Shopping,target 00032193,09/28/2025,09/29/2025,TARGET        00032193,Shopping,Sale,-27.09,,27.09,my_bank_statement_copy
2025-09-28,DOMINO'S 2791,dominos,6c87f405cdf1b196b792bf68c204f94aa351e32b,-23.13,23.13,Dining,bank,Food & Drink,Dining,dominos 2791,09/28/2025,09/30/2025,DOMINO'S 2791,Food & Drink,Sale,-23.13,,23.13,my_bank_statement_copy
2025-09-28,TST* LOU MALNATI'S - 56 -,tst lou malnatis,9d22e76956b843b166ab5b1fb7f09d912cb04bec,-50.17,50.17,Dining,bank,Food & Drink,Dining,tst lou malnatis 56 ,09/28/2025,09/29/2025,TST* LOU MALNATI'S - 56 -,Food & Drink,Sale,-50.17,,50.17,my_bank_statement_copy
2025-09-28,LYFT   *RIDE FRI 9PM,lyft ride fri,c4a93fc97f2bbc6bfc40f0a4b71152b9fc26de3a,-10.69,10.69,Travel,bank,Travel,Travel,lyft ride fri 9pm,09/28/2025,09/28/2025,LYFT   *RIDE FRI 9PM,Travel,Sale,-10.69,,10.69,my_bank_statement_copy
2025-09-28,CLEOPATRA HAIR DESIGNS L,cleopatra hair designs,d0113ee76e35bd4850364cf615f08503f9cbebc4,-50.0,50.0,Personal,bank,Personal,Personal,cleopatra hair designs l,09/28/2025,09/29/2025,CLEOPATRA HAIR DESIGNS L,Personal,Sale,-50.0,,50.0,my_bank_statement_copy
2025-09-29,TRADER JOE S #706,trader joe s,6f6300ca971516cf8aa51acfd3685f9e3160bf20,-73.17,73.17,Groceries,bank,Groceries,Groceries,trader joe s 706,09/29/2025,10/01/2025,TRADER JOE S #706,Groceries,Sale,-73.17,,73.17,my_bank_statement_copy
2025-09-29,TST* HOWL AT THE MOON - C,tst howl at,a3d57800e51af17c4bc048871a552c07c0b6e322,-30.0,30.0,Dining,bank,Food & Drink,Dining,tst howl at the moon c,09/29/2025,09/30/2025,TST* HOWL AT THE MOON - C,Food & Drink,Sale,-30.0,,30.0,my_bank_statement_copy
2025-09-29,SQ *ALMENDRO CAFE,sq almendro cafe,3e6cdfaa62e061977f8439a9710cf6cf25fc8c53,-4.96,4.96,Dining,bank,Food & Drink,Dining,sq almendro cafe,09/29/2025,09/30/2025,SQ *ALMENDRO CAFE,Food & Drink,Sale,-4.96,,4.96,my_bank_statement_copy
2025-09-29,LYFT   *RIDE SUN 7PM,lyft ride sun,62f40b6bea8cee707555eca472ef9f9ded8fb3e3,-17.99,17.99,Travel,bank,Travel,Travel,lyft ride sun 7pm,09/29/2025,09/30/2025,LYFT   *RIDE SUN 7PM,Travel,Sale,-17.99,,17.99,my_bank_statement_copy
2025-09-29,LYFT   *RIDE MON 9AM,lyft ride mon,f2c2bd846a8869cdbf5d67251862206b77968ab6,-13.99,13.99,Travel,bank,Travel,Travel,lyft ride mon 9am,09/29/2025,09/30/2025,LYFT   *RIDE MON 9AM,Travel,Sale,-13.99,,13.99,my_bank_statement_copy
2025-10-01,UOFC STUDENT CNTRS PUB,uofc student cntrs,0f3a1a7f5ffae9c0651480cf655dd13a2650003f,-24.0,24.0,Education,bank,Education,Education,uofc student cntrs pub,10/01/2025,10/03/2025,UOFC STUDENT CNTRS PUB,Education,Sale,-24.0,,24.0,my_bank_statement_copy
2025-10-01,SQ *HWM SERVICE CORP. DBA,sq hwm service,d35a8464bc80bb441e593e0668a67f38075b93a8,-7.5,7.5,Dining,bank,Food & Drink,Dining,sq hwm service corp dba,10/01/2025,10/02/2025,SQ *HWM SERVICE CORP. DBA,Food & Drink,Sale,-7.5,,7.5,my_bank_statement_copy
2025-10-01,Payment Thank You-Mobile,thank you mobile,3616548a8a9c85e8bb28428c65b24af194a21b6a,1156.88,0.0,EXCLUDE,payment,,,payment thank you mobile,10/01/2025,10/01/2025,Payment Thank You-Mobile,,Payment,1156.88,,0.0,my_bank_statement_copy
2025-10-01,UBER   *TRIP,uber trip,ba6a2fd28c5d9a9b3a90451aa685bf28f7ad38f1,-12.38,12.38,Travel,bank,Travel,Travel,uber trip,10/01/2025,10/01/2025,UBER   *TRIP,Travel,Sale,-12.38,,12.38,my_bank_statement_copy
2025-10-01,LYFT   *RIDE TUE 5PM,lyft ride tue,a224e0b80ce2b3ed5bf9833b96108595115f1a26,-13.7,13.7,Travel,bank,Travel,Travel,lyft ride tue 5pm,10/01/2025,10/02/2025,LYFT   *RIDE TUE 5PM,Travel,Sale,-13.7,,13.7,my_bank_statement_copy
2025-10-02,AMC 9640 ONLINE,amc,e8a36870be76e95e1c4070e6326f83d1853f66a2,-29.11,29.11,Entertainment,bank,Entertainment,Entertainment,amc 9640 online,10/02/2025,10/03/2025,AMC 9640 ONLINE,Entertainment,Sale,-29.11,,29.11,my_bank_statement_copy
2025-10-02,TARGET        00032193,target,59431a708ed26f6bbe5605f2b68a84406086a030,-13.76,13.76,Shopping,bank,Shopping,Shopping,target 00032193,10/02/2025,10/03/2025,TARGET        00032193,Shopping,Sale,-13.76,,13.76,my_bank_statement_copy
2025-10-02,TARGET.COM  *,targetcom,779149ffd94f82201e073c932b6abd60ff911903,-2.21,2.21,Shopping,bank,Shopping,Shopping,targetcom ,10/02/2025,10/03/2025,TARGET.COM  *,Shopping,Sale,-2.21,,2.21,my_bank_statement_copy
2025-10-02,TRADER JOE S #706,trader joe s,397b4ddb2eb316e2c90c7dc05f24da31cefebda2,-5.61,5.61,Groceries,bank,Groceries,Groceries,trader joe s 706,10/02/2025,10/05/2025,TRADER JOE S #706,Groceries,Sale,-5.61,,5.61,my_bank_statement_copy
2025-10-04,WHOLEFDS STV #10571,wholefds stv,e70971eb75f2f5ae47a9535632e5a068ea6493c7,-8.35,8.35,Groceries,bank,Groceries,Groceries,wholefds stv 10571,10/04/2025,10/06/2025,WHOLEFDS STV #10571,Groceries,Sale,-8.35,,8.35,my_bank_statement_copy
2025-10-05,DIVVYBI*1 RIDE,divvybi ride,313539865ff03d9c7dfce5ce2d96da8a805e5adb,-5.91,5.91,Travel,bank,Travel,Travel,divvybi1 ride,10/05/2025,10/06/2025,DIVVYBI*1 RIDE,Travel,Sale,-5.91,,5.91,my_bank_statement_copy
2025-10-05,LYFT   *RIDE SAT 12AM,lyft ride sat,748e94e2d3ed96c1a1c7abca340918922b6eb73d,-8.74,8.74,Travel,bank,Travel,Travel,lyft ride sat 12am,10/05/2025,10/05/2025,LYFT   *RIDE SAT 12AM,Travel,Sale,-8.74,,8.74,my_bank_statement_copy
2025-10-06,UBER   *TRIP,uber trip,e29c52107a1015fa336c33675368a0fd68751987,-11.65,11.65,Travel,bank,Travel,Travel,uber trip,10/06/2025,10/07/2025,UBER   *TRIP,Travel,Sale,-11.65,,11.65,my_bank_statement_copy
2025-10-07,SQ *ALMENDRO CAFE,sq almendro cafe,9335c429efcedf95adc2a3a586364b491a7fa134,-4.96,4.96,Dining,bank,Food & Drink,Dining,sq almendro cafe,10/07/2025,10/08/2025,SQ *ALMENDRO CAFE,Food & Drink,Sale,-4.96,,4.96,my_bank_statement_copy
2025-10-07,PAYRANGE MOBILE,payrange mobile,1deb24d7aeb0b1c92fa4063fcdb992edf20c9b34,-25.0,25.0,Bills,bank,Bills & Utilities,Bills,payrange mobile,10/07/2025,10/08/2025,PAYRANGE MOBILE,Bills & Utilities,Sale,-25.0,,25.0,my_bank_statement_copy
2025-10-07,TRADER JOE S #706,trader joe s,74fd8ceb389a9936a42a6245baf7b281977b9f78,-68.4,68.4,Groceries,bank,Groceries,Groceries,trader joe s 706,10/07/2025,10/09/2025,TRADER JOE S #706,Groceries,Sale,-68.4,,68.4,my_bank_statement_copy
2025-10-08,COMCAST / XFINITY,comcast xfinity,ef905f4743b6885c6f0f6ce5ea3da53dc22b63cf,-65.0,65.0,Bills,bank,Bills & Utilities,Bills,comcast xfinity,10/08/2025,10/08/2025,COMCAST / XFINITY,Bills & Utilities,Sale,-65.0,,65.0,my_bank_statement_copy
2025-10-09,VENTRA MOBILE,ventra mobile,0c7086f25f464a3cb70ed7e097814759b2da9093,-5.0,5.0,Travel,bank,Travel,Travel,ventra mobile,10/09/2025,10/10/2025,VENTRA MOBILE,Travel,Sale,-5.0,,5.0,my_bank_statement_copy
2025-10-09,SHORELINE E-GALAXY,shoreline e galaxy,a924158d617c804bb1a4b6ff52596738d4837b87,-48.78,48.78,Entertainment,bank,Entertainment,Entertainment,shoreline e galaxy,10/09/2025,10/10/2025,SHORELINE E-GALAXY,Entertainment,Sale,-48.78,,48.78,my_bank_statement_copy
2025-10-09,ROSS STORES #1716,ross stores,a180cf07cd26e42c11373b48bcddce60c5b5e9df,-37.46,37.46,Shopping,bank,Shopping,Shopping,ross stores 1716,10/09/2025,10/12/2025,ROSS STORES #1716,Shopping,Sale,-37.46,,37.46,my_bank_statement_copy
2025-10-10,SQ *ALMENDRO CAFE,sq almendro cafe,e00f06673787b63a23f090421f93610913cf158a,-4.96,4.96,Dining,bank,Food & Drink,Dining,sq almendro cafe,10/10/2025,10/12/2025,SQ *ALMENDRO CAFE,Food & Drink,Sale,-4.96,,4.96,my_bank_statement_copy
2025-10-10,STUDENT RETAIL SPACE,student retail space,918cf06fa1f608bb267b7e3aa741757997af56f5,-5.0,5.0,Education,bank,Education,Education,student retail space,10/10/2025,10/12/2025,STUDENT RETAIL SPACE,Education,Sale,-5.0,,5.0,my_bank_statement_copy
2025-10-11,TST*LABRIOLA - CHICAGO 5,tstlabriola chicago,650dab7bae8952ad7c8a25f19406712168b64340,-57.99,57.99,Dining,bank,Food & Drink,Dining,tstlabriola chicago 5,10/11/2025,10/12/2025,TST*LABRIOLA - CHICAGO 5,Food & Drink,Sale,-57.99,,57.99,my_bank_statement_copy
2025-10-11,MACYS   .COM,macys com,8a2bc4b164a2e3fab97addb5e98de32c0de2a213,14.32,0.0,Income,income,Shopping,Shopping,macys com,10/11/2025,10/13/2025,MACYS   .COM,Shopping,Return,14.32,,0.0,my_bank_statement_copy
2025-10-11,PRIMARK CHICAGO STATE STR,primark chicago state,ef0282c6b49f76cc63cc98777e20df61a27e909d,-9.92,9.92,Shopping,bank,Shopping,Shopping,primark chicago state str,10/11/2025,10/13/2025,PRIMARK CHICAGO STATE STR,Shopping,Sale,-9.92,,9.92,my_bank_statement_copy
2025-10-12,DOMINO'S 2869,dominos,d6cdfc6a6268a74311381d314e1749fd697cfa6d,-7.02,7.02,Dining,bank,Food & Drink,Dining,dominos 2869,10/12/2025,10/13/2025,DOMINO'S 2869,Food & Drink,Sale,-7.02,,7.02,my_bank_statement_copy
2025-10-15,VENTRA MOBILE,ventra mobile,36a790d49a2f2358c0e58bc3dfdde3b65a8f4c4c,-10.0,10.0,Travel,bank,Travel,Travel,ventra mobile,10/15/2025,10/15/2025,VENTRA MOBILE,Travel,Sale,-10.0,,10.0,my_bank_statement_copy
2025-10-16,SQ *DOLLOP HQ,sq dollop hq,02c9f1ca664c81a59ee5dac9639c84abcd8d3b94,-7.59,7.59,Dining,bank,Food & Drink,Dining,sq dollop hq,10/16/2025,10/17/2025,SQ *DOLLOP HQ,Food & Drink,Sale,-7.59,,7.59,my_bank_statement_copy
2025-10-16,WEEE INC.,weee inc,eb8f4fb3cc9cbd1aa2fa54e2dfdcf482056f6ef8,-48.5,48.5,Groceries,bank,Groceries,Groceries,weee inc,10/16/2025,10/17/2025,WEEE INC.,Groceries,Sale,-48.5,,48.5,my_bank_statement_copy
2025-10-18,EB *8TH ANNUAL GARGOYL,eb th annual,9aba4c154a0e9a5005eafe043b11034859ea6b4b,-119.48,119.48,Personal,bank,Personal,Personal,eb 8th annual gargoyl,10/18/2025,10/19/2025,EB *8TH ANNUAL GARGOYL,Personal,Sale,-119.48,,119.48,my_bank_statement_copy
2025-10-18,UBER   *TRIP,uber trip,d153c68f0c9b2175d2bfaac28da970f896c8ba2b,-10.9,10.9,Travel,bank,Travel,Travel,uber trip,10/18/2025,10/19/2025,UBER   *TRIP,Travel,Sale,-10.9,,10.9,my_bank_statement_copy
2025-10-18,DOMINO'S 2869,dominos,16aec28ea1fccd16273548034fe74387c954236a,-26.1,26.1,Dining,bank,Food & Drink,Dining,dominos 2869,10/18/2025,10/20/2025,DOMINO'S 2869,Food & Drink,Sale,-26.1,,26.1,my_bank_statement_copy
2025-10-19,DD/BR #349441 Q35,dd br q,98573838f38a7c9aac81c6c5cddf104065b98960,-11.72,11.72,Dining,bank,Food & Drink,Dining,dd br 349441 q35,10/19/2025,10/20/2025,DD/BR #349441 Q35,Food & Drink,Sale,-11.72,,11.72,my_bank_statement_copy
2025-10-20,WHOLEFDS HDP#10458,wholefds hdp,257b7e4b467b1ba1b87f689bb8818c72dd07bb59,-32.36,32.36,Groceries,bank,Groceries,Groceries,wholefds hdp10458,10/20/2025,10/21/2025,WHOLEFDS HDP#10458,Groceries,Sale,-32.36,,32.36,my_bank_statement_copy
2025-10-21,PEACHES@UNIVERSITY,peachesuniversity,179855750b89b50454549c865b8dd8376c619696,-2.22,2.22,Dining,bank,Food & Drink,Dining,peachesuniversity,10/21/2025,10/23/2025,PEACHES@UNIVERSITY,Food & Drink,Sale,-2.22,,2.22,my_bank_statement_copy
2025-10-23,WHOLEFDS HDP#10458,wholefds hdp,a38cb00a2cd9fd09ce443fb26f8d38171765f782,-6.6,6.6,Groceries,bank,Groceries,Groceries,wholefds hdp10458,10/23/2025,10/24/2025,WHOLEFDS HDP#10458,Groceries,Sale,-6.6,,6.6,my_bank_statement_copy
