Transaction Date,Post Date,Description,Category,Type,Amount,Memo,date,description,amount_signed,amount_spend,amount,bank_category,source
04/17/2025,04/17/2025,UBER   *TRIP,Travel,Sale,-4.98,,2025-04-17,UBER   *TRIP,-4.98,4.98,4.98,Travel,my_bank_statement_copy
04/17/2025,04/20/2025,TRADER JOE S #706,Groceries,Sale,-16.18,,2025-04-17,TRADER JOE S #706,-16.18,16.18,16.18,Groceries,my_bank_statement_copy
04/17/2025,04/18/2025,WHOLEFDS HDP#10458,Groceries,Sale,-2.82,,2025-04-17,WHOLEFDS HDP#10458,-2.82,2.82,2.82,Groceries,my_bank_statement_copy
04/18/2025,04/20/2025,CTLP*MARK VEND COMPANY,Food & Drink,Sale,-1.85,,2025-04-18,CTLP*MARK VEND COMPANY,-1.85,1.85,1.85,Food & Drink,my_bank_statement_copy
04/18/2025,04/20/2025,CTLP*MARK VEND COMPANY,Food & Drink,Sale,-2.0,,2025-04-18,CTLP*MARK VEND COMPANY,-2.0,2.0,2.0,Food & Drink,my_bank_statement_copy
04/18/2025,04/20/2025,TST*PEQUODS PIZZA - CHI,Food & Drink,Sale,-76.74,,2025-04-18,TST*PEQUODS PIZZA - CHI,-76.74,76.74,76.74,Food & Drink,my_bank_statement_copy
04/19/2025,04/20/2025,TST* NICK'S BEER GARDEN,Food & Drink,Sale,-19.0,,2025-04-19,TST* NICK'S BEER GARDEN,-19.0,19.0,19.0,Food & Drink,my_bank_statement_copy
04/20/2025,04/21/2025,DD/BR #349441 Q35,Food & Drink,Sale,-6.19,,2025-04-20,DD/BR #349441 Q35,-6.19,6.19,6.19,Food & Drink,my_bank_statement_copy
04/22/2025,04/24/2025,THE HARPER THEATER-F&amp;B,Entertainment,Sale,-13.44,,2025-04-22,THE HARPER THEATER-F&amp;B,-13.44,13.44,13.44,Entertainment,my_bank_statement_copy
04/22/2025,04/24/2025,THE HARPER THEATER-F&amp;B,Entertainment,Sale,-7.3,,2025-04-22,THE HARPER THEATER-F&amp;B,-7.3,7.3,7.3,Entertainment,my_bank_statement_copy
04/25/2025,04/27/2025,TST*LABRIOLA - CHICAGO 5,Food & Drink,Sale,-140.0,,2025-04-25,TST*LABRIOLA - CHICAGO 5,-140.0,140.0,140.0,Food & Drink,my_bank_statement_copy
04/28/2025,04/29/2025,CTLP*MARK VEND COMPANY,Food & Drink,Sale,-1.85,,2025-04-28,CTLP*MARK VEND COMPANY,-1.85,1.85,1.85,Food & Drink,my_bank_statement_copy
04/28/2025,04/29/2025,CTLP*MARK VEND COMPANY,Food & Drink,Sale,-2.0,,2025-04-28,CTLP*MARK VEND COMPANY,-2.0,2.0,2.0,Food & Drink,my_bank_statement_copy
04/28/2025,04/29/2025,CTLP*MARK VEND COMPANY,Food & Drink,Sale,-1.85,,2025-04-28,CTLP*MARK VEND COMPANY,-1.85,1.85,1.85,Food & Drink,my_bank_statement_copy
04/30/2025,05/01/2025,TARGET        00032193,Shopping,Sale,-13.15,,2025-04-30,TARGET        00032193,-13.15,13.15,13.15,Shopping,my_bank_statement_copy
05/01/2025,05/02/2025,UBER   *TRIP,Travel,Sale,-5.91,,2025-05-01,UBER   *TRIP,-5.91,5.91,5.91,Travel,my_bank_statement_copy
05/01/2025,05/02/2025,AMC 9640 ONLINE,Entertainment,Sale,-25.7,,2025-05-01,AMC 9640 ONLINE,-25.7,25.7,25.7,Entertainment,my_bank_statement_copy
05/01/2025,05/04/2025,TST*MEDICI GALLERY ON 57,Food & Drink,Sale,-47.1,,2025-05-01,TST*MEDICI GALLERY ON 57,-47.1,47.1,47.1,Food & Drink,my_bank_statement_copy
05/01/2025,05/01/2025,Subway 10056,Food & Drink,Sale,-3.87,,2025-05-01,Subway 10056,-3.87,3.87,3.87,Food & Drink,my_bank_statement_copy
05/02/2025,05/02/2025,UBER   *TRIP,Travel,Sale,-5.94,,2025-05-02,UBER   *TRIP,-5.94,5.94,5.94,Travel,my_bank_statement_copy
05/02/2025,05/04/2025,TARGET        00032193,Shopping,Sale,-2.54,,2025-05-02,TARGET        00032193,-2.54,2.54,2.54,Shopping,my_bank_statement_copy
05/04/2025,05/06/2025,VICTORIA'S SECRET 0600,Shopping,Sale,-44.06,,2025-05-04,VICTORIA'S SECRET 0600,-44.06,44.06,44.06,Shopping,my_bank_statement_copy
05/05/2025,05/06/2025,ETT*Vue53RENT,Professional Services,Sale,-450.0,,2025-05-05,ETT*Vue53RENT,-450.0,450.0,450.0,Professional Services,my_bank_statement_copy
05/05/2025,05/05/2025,WB Studio Enterprises Inc,Entertainment,Sale,-29.77,,2025-05-05,WB Studio Enterprises Inc,-29.77,29.77,29.77,Entertainment,my_bank_statement_copy
05/06/2025,05/07/2025,TARGET        00032193,Shopping,Sale,-5.93,,2025-05-06,TARGET        00032193,-5.93,5.93,5.93,Shopping,my_bank_statement_copy
05/07/2025,05/09/2025,TRADER JOE S #706,Groceries,Sale,-69.55,,2025-05-07,TRADER JOE S #706,-69.55,69.55,69.55,Groceries,my_bank_statement_copy
05/07/2025,05/08/2025,LYFT   *RIDE WED 9AM,Travel,Sale,-7.64,,2025-05-07,LYFT   *RIDE WED 9AM,-7.64,7.64,7.64,Travel,my_bank_statement_copy
05/07/2025,05/07/2025,Sunday*RAMEN SAN River No,Food & Drink,Sale,-26.68,,2025-05-07,Sunday*RAMEN SAN River No,-26.68,26.68,26.68,Food & Drink,my_bank_statement_copy
05/07/2025,05/07/2025,LYFT   *RIDE TUE 8PM,Travel,Sale,-15.72,,2025-05-07,LYFT   *RIDE TUE 8PM,-15.72,15.72,15.72,Travel,my_bank_statement_copy
05/08/2025,05/09/2025,TARGET        00032193,Shopping,Sale,-20.57,,2025-05-08,TARGET        00032193,-20.57,20.57,20.57,Shopping,my_bank_statement_copy
05/08/2025,05/09/2025,UBER   *TRIP,Travel,Sale,-6.95,,2025-05-08,UBER   *TRIP,-6.95,6.95,6.95,Travel,my_bank_statement_copy
05/10/2025,05/11/2025,LYFT   *RIDE FRI 3PM,Travel,Sale,-6.99,,2025-05-10,LYFT   *RIDE FRI 3PM,-6.99,6.99,6.99,Travel,my_bank_statement_copy
05/10/2025,05/11/2025,Payment Thank You-Mobile,,Payment,600.0,,2025-05-10,Payment Thank You-Mobile,600.0,0.0,0.0,nan,my_bank_statement_copy
05/10/2025,05/11/2025,Payment Thank You-Mobile,,Payment,160.0,,2025-05-10,Payment Thank You-Mobile,160.0,0.0,0.0,nan,my_bank_statement_copy
05/11/2025,05/12/2025,LYFT   *CANCEL FEE,Travel,Sale,-1.0,,2025-05-11,LYFT   *CANCEL FEE,-1.0,1.0,1.0,Travel,my_bank_statement_copy
05/11/2025,05/11/2025,LYFT   *RIDE SAT 9PM,Travel,Sale,-7.81,,2025-05-11,LYFT   *RIDE SAT 9PM,-7.81,7.81,7.81,Travel,my_bank_statement_copy
05/12/2025,05/13/2025,LYFT   *RIDE SUN 4AM,Travel,Sale,-9.98,,2025-05-12,LYFT   *RIDE SUN 4AM,-9.98,9.98,9.98,Travel,my_bank_statement_copy
05/12/2025,05/13/2025,CTLP*MARK VEND COMPANY,Food & Drink,Sale,-1.85,,2025-05-12,CTLP*MARK VEND COMPANY,-1.85,1.85,1.85,Food & Drink,my_bank_statement_copy
05/12/2025,05/13/2025,CTLP*MARK VEND COMPANY,Food & Drink,Sale,-1.85,,2025-05-12,CTLP*MARK VEND COMPANY,-1.85,1.85,1.85,Food & Drink,my_bank_statement_copy
05/13/2025,05/14/2025,CTLP*MARK VEND COMPANY,Food & Drink,Sale,-1.85,,2025-05-13,CTLP*MARK VEND COMPANY,-1.85,1.85,1.85,Food & Drink,my_bank_statement_copy
05/14/2025,05/15/2025,CTLP*MARK VEND COMPANY,Food & Drink,Sale,-2.0,,2025-05-14,CTLP*MARK VEND COMPANY,-2.0,2.0,2.0,Food & Drink,my_bank_statement_copy
05/15/2025,05/16/2025,SQ *TRUENORTH CAFE HYDE P,Food & Drink,Sale,-13.62,,2025-05-15,SQ *TRUENORTH CAFE HYDE P,-13.62,13.62,13.62,Food & Drink,my_bank_statement_copy
05/15/2025,05/16/2025,SQ *TRUENORTH CAFE HYDE P,Food & Drink,Sale,-11.58,,2025-05-15,SQ *TRUENORTH CAFE HYDE P,-11.58,11.58,11.58,Food & Drink,my_bank_statement_copy
05/17/2025,05/18/2025,DD/BR #349441 Q35,Food & Drink,Sale,-9.97,,2025-05-17,DD/BR #349441 Q35,-9.97,9.97,9.97,Food & Drink,my_bank_statement_copy
05/18/2025,05/20/2025,UCD C SHOP,Food & Drink,Sale,-11.35,,2025-05-18,UCD C SHOP,-11.35,11.35,11.35,Food & Drink,my_bank_statement_copy
05/20/2025,05/21/2025,SHEIN.COM,Shopping,Sale,-52.81,,2025-05-20,SHEIN.COM,-52.81,52.81,52.81,Shopping,my_bank_statement_copy
05/21/2025,05/22/2025,TST*PARLOR PIZZA - RIVER,Food & Drink,Sale,-70.58,,2025-05-21,TST*PARLOR PIZZA - RIVER,-70.58,70.58,70.58,Food & Drink,my_bank_statement_copy
05/21/2025,05/23/2025,TRADER JOE S #706,Groceries,Sale,-5.5,,2025-05-21,TRADER JOE S #706,-5.5,5.5,5.5,Groceries,my_bank_statement_copy
05/22/2025,05/23/2025,TST*THEORY CHICAGO,Food & Drink,Sale,-42.97,,2025-05-22,TST*THEORY CHICAGO,-42.97,42.97,42.97,Food & Drink,my_bank_statement_copy
05/22/2025,05/23/2025,LYFT   *RIDE WED 10AM,Travel,Sale,-6.45,,2025-05-22,LYFT   *RIDE WED 10AM,-6.45,6.45,6.45,Travel,my_bank_statement_copy
05/24/2025,05/25/2025,Subway 7659,Food & Drink,Sale,-7.81,,2025-05-24,Subway 7659,-7.81,7.81,7.81,Food & Drink,my_bank_statement_copy
05/24/2025,05/25/2025,BetterMe Inc-Pilates,Health & Wellness,Sale,-13.33,,2025-05-24,BetterMe Inc-Pilates,-13.33,13.33,13.33,Health & Wellness,my_bank_statement_copy
05/24/2025,05/25/2025,DUNKIN #343358 Q35,Food & Drink,Sale,-3.36,,2025-05-24,DUNKIN #343358 Q35,-3.36,3.36,3.36,Food & Drink,my_bank_statement_copy
05/24/2025,05/26/2025,PRIMARK CHICAGO STATE STR,Shopping,Sale,-53.57,,2025-05-24,PRIMARK CHICAGO STATE STR,-53.57,53.57,53.57,Shopping,my_bank_statement_copy
05/25/2025,05/27/2025,AMC 0133 RIVER EAST 21,Entertainment,Sale,-30.58,,2025-05-25,AMC 0133 RIVER EAST 21,-30.58,30.58,30.58,Entertainment,my_bank_statement_copy
05/27/2025,05/28/2025,SQ *BUILD COFFEE,Food & Drink,Sale,-5.53,,2025-05-27,SQ *BUILD COFFEE,-5.53,5.53,5.53,Food & Drink,my_bank_statement_copy
05/27/2025,05/27/2025,Payment Thank You-Mobile,,Payment,653.51,,2025-05-27,Payment Thank You-Mobile,653.51,0.0,0.0,nan,my_bank_statement_copy
05/29/2025,06/01/2025,TACO BELL 737116,Food & Drink,Sale,-5.02,,2025-05-29,TACO BELL 737116,-5.02,5.02,5.02,Food & Drink,my_bank_statement_copy
05/30/2025,05/30/2025,TWX*WBSTUDIOTOUR,Entertainment,Sale,-152.0,,2025-05-30,TWX*WBSTUDIOTOUR,-152.0,152.0,152.0,Entertainment,my_bank_statement_copy
05/30/2025,06/01/2025,TARGET        00032193,Shopping,Sale,-76.06,,2025-05-30,TARGET        00032193,-76.06,76.06,76.06,Shopping,my_bank_statement_copy
05/30/2025,06/01/2025,TST* HEADQUARTERS BEERCAD,Food & Drink,Sale,-12.05,,2025-05-30,TST* HEADQUARTERS BEERCAD,-12.05,12.05,12.05,Food & Drink,my_bank_statement_copy
05/30/2025,06/01/2025,7-ELEVEN 33892,Gas,Sale,-15.72,,2025-05-30,7-ELEVEN 33892,-15.72,15.72,15.72,Gas,my_bank_statement_copy
05/30/2025,06/02/2025,LEVY@SOLDIER FIELD CON,Food & Drink,Sale,-8.93,,2025-05-30,LEVY@SOLDIER FIELD CON,-8.93,8.93,8.93,Food & Drink,my_bank_statement_copy
05/30/2025,06/02/2025,LEVY@SOLDIER FIELD CON,Food & Drink,Sale,-29.59,,2025-05-30,LEVY@SOLDIER FIELD CON,-29.59,29.59,29.59,Food & Drink,my_bank_statement_copy
05/31/2025,06/01/2025,LYFT   *RIDE SAT 6AM,Travel,Sale,-38.39,,2025-05-31,LYFT   *RIDE SAT 6AM,-38.39,38.39,38.39,Travel,my_bank_statement_copy
05/31/2025,06/02/2025,SUBWAY DBE ORD,Food & Drink,Sale,-13.11,,2025-05-31,SUBWAY DBE ORD,-13.11,13.11,13.11,Food & Drink,my_bank_statement_copy
05/31/2025,06/01/2025,LA METRO - TAP WEB SALES,Travel,Sale,-10.0,,2025-05-31,LA METRO - TAP WEB SALES,-10.0,10.0,10.0,Travel,my_bank_statement_copy
06/01/2025,06/02/2025,WB Studio Enterprises Inc,Entertainment,Sale,-9.89,,2025-06-01,WB Studio Enterprises Inc,-9.89,9.89,9.89,Entertainment,my_bank_statement_copy
06/01/2025,06/03/2025,PAVILIONS #2105,Groceries,Sale,-29.39,,2025-06-01,PAVILIONS #2105,-29.39,29.39,29.39,Groceries,my_bank_statement_copy
06/01/2025,06/02/2025,SQ *WARNER BROS. STUDIO T,Entertainment,Sale,-8.29,,2025-06-01,SQ *WARNER BROS. STUDIO T,-8.29,8.29,8.29,Entertainment,my_bank_statement_copy
06/01/2025,06/03/2025,GRIFFITH OBSERVATORY,Entertainment,Sale,-16.0,,2025-06-01,GRIFFITH OBSERVATORY,-16.0,16.0,16.0,Entertainment,my_bank_statement_copy
06/01/2025,06/02/2025,WB Studio Enterprises Inc,Entertainment,Sale,-20.94,,2025-06-01,WB Studio Enterprises Inc,-20.94,20.94,20.94,Entertainment,my_bank_statement_copy
06/01/2025,06/02/2025,WB Studio Enterprises Inc,Entertainment,Sale,-19.78,,2025-06-01,WB Studio Enterprises Inc,-19.78,19.78,19.78,Entertainment,my_bank_statement_copy
06/01/2025,06/03/2025,WP GRIFFITH P,Food & Drink,Sale,-4.94,,2025-06-01,WP GRIFFITH P,-4.94,4.94,4.94,Food & Drink,my_bank_statement_copy
06/02/2025,06/03/2025,PACIFIC PARK TICKETING,Entertainment,Sale,-34.0,,2025-06-02,PACIFIC PARK TICKETING,-34.0,34.0,34.0,Entertainment,my_bank_statement_copy
06/02/2025,06/03/2025,AMC 9640 ONLINE,Entertainment,Sale,-29.11,,2025-06-02,AMC 9640 ONLINE,-29.11,29.11,29.11,Entertainment,my_bank_statement_copy
06/02/2025,06/03/2025,LA GIFT STOP LLC,Shopping,Sale,-15.41,,2025-06-02,LA GIFT STOP LLC,-15.41,15.41,15.41,Shopping,my_bank_statement_copy
06/02/2025,06/08/2025,GDP*Joe's Pizza SM,Food & Drink,Sale,-4.71,,2025-06-02,GDP*Joe's Pizza SM,-4.71,4.71,4.71,Food & Drink,my_bank_statement_copy
06/02/2025,06/04/2025,MINISO SANTA MONICA,Shopping,Sale,-2.32,,2025-06-02,MINISO SANTA MONICA,-2.32,2.32,2.32,Shopping,my_bank_statement_copy
06/02/2025,06/04/2025,PACIFIC PARK SCOOPS,Food & Drink,Sale,-11.35,,2025-06-02,PACIFIC PARK SCOOPS,-11.35,11.35,11.35,Food & Drink,my_bank_statement_copy
06/03/2025,06/03/2025,WAYMO,Travel,Sale,-16.18,,2025-06-03,WAYMO,-16.18,16.18,16.18,Travel,my_bank_statement_copy
06/03/2025,06/04/2025,LA INDUSTRIES,Shopping,Sale,-5.67,,2025-06-03,LA INDUSTRIES,-5.67,5.67,5.67,Shopping,my_bank_statement_copy
06/03/2025,06/03/2025,LYFT   *RIDE SUN 7PM,Travel,Sale,-37.8,,2025-06-03,LYFT   *RIDE SUN 7PM,-37.8,37.8,37.8,Travel,my_bank_statement_copy
06/04/2025,06/04/2025,LYFT   *RIDE TUE 3PM,Travel,Sale,-13.25,,2025-06-04,LYFT   *RIDE TUE 3PM,-13.25,13.25,13.25,Travel,my_bank_statement_copy
06/04/2025,06/05/2025,VENTRA MOBILE,Travel,Sale,-10.0,,2025-06-04,VENTRA MOBILE,-10.0,10.0,10.0,Travel,my_bank_statement_copy
06/04/2025,06/05/2025,TST*OSPI - VENICE,Food & Drink,Sale,-40.96,,2025-06-04,TST*OSPI - VENICE,-40.96,40.96,40.96,Food & Drink,my_bank_statement_copy
06/04/2025,06/05/2025,TST* MARKET VENICE,Food & Drink,Sale,-69.19,,2025-06-04,TST* MARKET VENICE,-69.19,69.19,69.19,Food & Drink,my_bank_statement_copy
06/05/2025,06/06/2025,SQ *TINY TAPP &amp; CAFE,Food & Drink,Sale,-67.91,,2025-06-05,SQ *TINY TAPP &amp; CAFE,-67.91,67.91,67.91,Food & Drink,my_bank_statement_copy
06/06/2025,06/08/2025,Store,Food & Drink,Return,6.58,,2025-06-06,Store,6.58,0.0,0.0,Food & Drink,my_bank_statement_copy
06/06/2025,06/08/2025,Store,Food & Drink,Sale,-6.58,,2025-06-06,Store,-6.58,6.58,6.58,Food & Drink,my_bank_statement_copy
06/07/2025,06/09/2025,TARGET        00032193,Shopping,Sale,-43.4,,2025-06-07,TARGET        00032193,-43.4,43.4,43.4,Shopping,my_bank_statement_copy
06/08/2025,06/08/2025,LYFT   *RIDE SAT 2PM,Travel,Sale,-9.66,,2025-06-08,LYFT   *RIDE SAT 2PM,-9.66,9.66,9.66,Travel,my_bank_statement_copy
06/09/2025,06/09/2025,LYFT   *RIDE SAT 10PM,Travel,Sale,-18.9,,2025-06-09,LYFT   *RIDE SAT 10PM,-18.9,18.9,18.9,Travel,my_bank_statement_copy
06/10/2025,06/11/2025,Payment Thank You-Mobile,,Payment,250.0,,2025-06-10,Payment Thank You-Mobile,250.0,0.0,0.0,nan,my_bank_statement_copy
06/10/2025,06/10/2025,Payment Thank You-Mobile,,Payment,200.0,,2025-06-10,Payment Thank You-Mobile,200.0,0.0,0.0,nan,my_bank_statement_copy
06/10/2025,06/11/2025,IKEA 476900394,Home,Sale,-50.6,,2025-06-10,IKEA 476900394,-50.6,50.6,50.6,Home,my_bank_statement_copy
06/13/2025,06/15/2025,Subway 10056,Food & Drink,Sale,-6.08,,2025-06-13,Subway 10056,-6.08,6.08,6.08,Food & Drink,my_bank_statement_copy
06/13/2025,06/15/2025,DD/BR #349441 Q35,Food & Drink,Sale,-3.32,,2025-06-13,DD/BR #349441 Q35,-3.32,3.32,3.32,Food & Drink,my_bank_statement_copy
06/14/2025,06/15/2025,LYFT   *RIDE SAT 3PM,Travel,Sale,-15.22,,2025-06-14,LYFT   *RIDE SAT 3PM,-15.22,15.22,15.22,Travel,my_bank_statement_copy
06/14/2025,06/15/2025,DD/BR #349441 Q35,Food & Drink,Sale,-8.96,,2025-06-14,DD/BR #349441 Q35,-8.96,8.96,8.96,Food & Drink,my_bank_statement_copy
06/14/2025,06/15/2025,DOMINO'S 2869,Food & Drink,Sale,-90.72,,2025-06-14,DOMINO'S 2869,-90.72,90.72,90.72,Food & Drink,my_bank_statement_copy
06/14/2025,06/15/2025,LYFT   *RIDE SAT 10AM,Travel,Sale,-11.89,,2025-06-14,LYFT   *RIDE SAT 10AM,-11.89,11.89,11.89,Travel,my_bank_statement_copy
06/14/2025,06/15/2025,COMCAST / XFINITY,Bills & Utilities,Sale,-65.0,,2025-06-14,COMCAST / XFINITY,-65.0,65.0,65.0,Bills & Utilities,my_bank_statement_copy
06/15/2025,06/17/2025,TRADER JOE S #706,Groceries,Sale,-7.65,,2025-06-15,TRADER JOE S #706,-7.65,7.65,7.65,Groceries,my_bank_statement_copy
06/15/2025,06/17/2025,TRADER JOE S #706,Groceries,Sale,-82.73,,2025-06-15,TRADER JOE S #706,-82.73,82.73,82.73,Groceries,my_bank_statement_copy
06/18/2025,06/19/2025,CTLP*MARK VEND COMPANY,Food & Drink,Sale,-3.25,,2025-06-18,CTLP*MARK VEND COMPANY,-3.25,3.25,3.25,Food & Drink,my_bank_statement_copy
06/18/2025,06/19/2025,LYFT   *RIDE WED 10AM,Travel,Sale,-6.68,,2025-06-18,LYFT   *RIDE WED 10AM,-6.68,6.68,6.68,Travel,my_bank_statement_copy
06/19/2025,06/20/2025,LYFT   *RIDE THU 1AM,Travel,Sale,-10.58,,2025-06-19,LYFT   *RIDE THU 1AM,-10.58,10.58,10.58,Travel,my_bank_statement_copy
06/19/2025,06/20/2025,REGENTS MARKET,Groceries,Sale,-6.33,,2025-06-19,REGENTS MARKET,-6.33,6.33,6.33,Groceries,my_bank_statement_copy
06/19/2025,06/19/2025,LYFT   *CANCEL FEE,Travel,Sale,-1.0,,2025-06-19,LYFT   *CANCEL FEE,-1.0,1.0,1.0,Travel,my_bank_statement_copy
06/19/2025,06/20/2025,UBER   *TRIP,Travel,Sale,-18.95,,2025-06-19,UBER   *TRIP,-18.95,18.95,18.95,Travel,my_bank_statement_copy
06/21/2025,06/22/2025,Payment Thank You-Mobile,,Payment,874.99,,2025-06-21,Payment Thank You-Mobile,874.99,0.0,0.0,nan,my_bank_statement_copy
06/21/2025,06/22/2025,Store,Food & Drink,Sale,-14.52,,2025-06-21,Store,-14.52,14.52,14.52,Food & Drink,my_bank_statement_copy
06/25/2025,06/26/2025,PAYRANGE MOBILE,Bills & Utilities,Sale,-25.0,,2025-06-25,PAYRANGE MOBILE,-25.0,25.0,25.0,Bills & Utilities,my_bank_statement_copy
06/25/2025,06/27/2025,TRADER JOE S #706,Groceries,Sale,-46.76,,2025-06-25,TRADER JOE S #706,-46.76,46.76,46.76,Groceries,my_bank_statement_copy
06/25/2025,06/27/2025,TRADER JOE S #706,Groceries,Sale,-7.94,,2025-06-25,TRADER JOE S #706,-7.94,7.94,7.94,Groceries,my_bank_statement_copy
06/26/2025,06/26/2025,UBER   *TRIP,Travel,Sale,-6.43,,2025-06-26,UBER   *TRIP,-6.43,6.43,6.43,Travel,my_bank_statement_copy
06/27/2025,06/29/2025,COMCAST / XFINITY,Bills & Utilities,Sale,-23.84,,2025-06-27,COMCAST / XFINITY,-23.84,23.84,23.84,Bills & Utilities,my_bank_statement_copy
06/28/2025,06/29/2025,HM.COM,Shopping,Sale,-44.41,,2025-06-28,HM.COM,-44.41,44.41,44.41,Shopping,my_bank_statement_copy
06/29/2025,06/30/2025,TARGET        00032193,Shopping,Sale,-11.88,,2025-06-29,TARGET        00032193,-11.88,11.88,11.88,Shopping,my_bank_statement_copy
06/29/2025,07/01/2025,TST*ALMENDRO CAFE,Food & Drink,Sale,-13.56,,2025-06-29,TST*ALMENDRO CAFE,-13.56,13.56,13.56,Food & Drink,my_bank_statement_copy
06/30/2025,07/02/2025,H&amp;M 0760/ILLNOIS,Shopping,Sale,-30.94,,2025-06-30,H&amp;M 0760/ILLNOIS,-30.94,30.94,30.94,Shopping,my_bank_statement_copy
06/30/2025,07/01/2025,CVS/PHARMACY #03742,Health & Wellness,Sale,-1.39,,2025-06-30,CVS/PHARMACY #03742,-1.39,1.39,1.39,Health & Wellness,my_bank_statement_copy
06/30/2025,07/01/2025,DUNKIN #340231 Q35,Food & Drink,Sale,-3.36,,2025-06-30,DUNKIN #340231 Q35,-3.36,3.36,3.36,Food & Drink,my_bank_statement_copy
07/01/2025,07/03/2025,7-ELEVEN 33892,Gas,Sale,-9.0,,2025-07-01,7-ELEVEN 33892,-9.0,9.0,9.0,Gas,my_bank_statement_copy
07/01/2025,07/02/2025,SQ *STANDARD BAR AND GRIL,Food & Drink,Sale,-15.33,,2025-07-01,SQ *STANDARD BAR AND GRIL,-15.33,15.33,15.33,Food & Drink,my_bank_statement_copy
07/01/2025,07/03/2025,JEWEL OSCO 1241,Groceries,Sale,-11.01,,2025-07-01,JEWEL OSCO 1241,-11.01,11.01,11.01,Groceries,my_bank_statement_copy
07/01/2025,07/01/2025,HM.COM,Shopping,Return,6.56,,2025-07-01,HM.COM,6.56,0.0,0.0,Shopping,my_bank_statement_copy
07/02/2025,07/03/2025,AMC 9640 ONLINE,Entertainment,Sale,-29.11,,2025-07-02,AMC 9640 ONLINE,-29.11,29.11,29.11,Entertainment,my_bank_statement_copy
07/02/2025,07/03/2025,TST* HOWL AT THE MOON - C,Food & Drink,Sale,-28.0,,2025-07-02,TST* HOWL AT THE MOON - C,-28.0,28.0,28.0,Food & Drink,my_bank_statement_copy
07/02/2025,07/04/2025,VENTRA MOBILE,Travel,Sale,-10.0,,2025-07-02,VENTRA MOBILE,-10.0,10.0,10.0,Travel,my_bank_statement_copy
07/03/2025,07/06/2025,TRADER JOE S #706,Groceries,Sale,-9.77,,2025-07-03,TRADER JOE S #706,-9.77,9.77,9.77,Groceries,my_bank_statement_copy
07/03/2025,07/04/2025,LYFT   *RIDE THU 1PM,Travel,Sale,-10.88,,2025-07-03,LYFT   *RIDE THU 1PM,-10.88,10.88,10.88,Travel,my_bank_statement_copy
07/04/2025,07/06/2025,LYFT   *RIDE FRI 10AM,Travel,Sale,-10.84,,2025-07-04,LYFT   *RIDE FRI 10AM,-10.84,10.84,10.84,Travel,my_bank_statement_copy
07/04/2025,07/06/2025,LYFT   *CANCEL FEE,Travel,Sale,-1.0,,2025-07-04,LYFT   *CANCEL FEE,-1.0,1.0,1.0,Travel,my_bank_statement_copy
07/04/2025,07/06/2025,LYFT   *RIDE FRI 4PM,Travel,Sale,-14.32,,2025-07-04,LYFT   *RIDE FRI 4PM,-14.32,14.32,14.32,Travel,my_bank_statement_copy
07/05/2025,07/06/2025,Store,Food & Drink,Sale,-7.59,,2025-07-05,Store,-7.59,7.59,7.59,Food & Drink,my_bank_statement_copy
07/05/2025,07/06/2025,LYFT   *RIDE FRI 6PM,Travel,Sale,-8.77,,2025-07-05,LYFT   *RIDE FRI 6PM,-8.77,8.77,8.77,Travel,my_bank_statement_copy
07/06/2025,07/08/2025,TRADER JOE S #706,Groceries,Sale,-55.22,,2025-07-06,TRADER JOE S #706,-55.22,55.22,55.22,Groceries,my_bank_statement_copy
07/06/2025,07/08/2025,TST*ALMENDRO CAFE,Food & Drink,Sale,-2.76,,2025-07-06,TST*ALMENDRO CAFE,-2.76,2.76,2.76,Food & Drink,my_bank_statement_copy
07/09/2025,07/11/2025,SHEIN.COM,Shopping,Return,24.03,,2025-07-09,SHEIN.COM,24.03,0.0,0.0,Shopping,my_bank_statement_copy
07/10/2025,07/11/2025,WALGREENS #5553,Health & Wellness,Sale,-7.45,,2025-07-10,WALGREENS #5553,-7.45,7.45,7.45,Health & Wellness,my_bank_statement_copy
07/10/2025,07/11/2025,LYFT   *RIDE WED 4PM,Travel,Sale,-15.21,,2025-07-10,LYFT   *RIDE WED 4PM,-15.21,15.21,15.21,Travel,my_bank_statement_copy
07/11/2025,07/13/2025,VENTRA MOBILE,Travel,Sale,-5.0,,2025-07-11,VENTRA MOBILE,-5.0,5.0,5.0,Travel,my_bank_statement_copy
07/11/2025,07/13/2025,SHEIN.COM,Shopping,Sale,-18.8,,2025-07-11,SHEIN.COM,-18.8,18.8,18.8,Shopping,my_bank_statement_copy
07/11/2025,07/13/2025,TRADER JOE S #696,Groceries,Sale,-11.51,,2025-07-11,TRADER JOE S #696,-11.51,11.51,11.51,Groceries,my_bank_statement_copy
07/12/2025,07/13/2025,UBER   *TRIP,Travel,Sale,-5.96,,2025-07-12,UBER   *TRIP,-5.96,5.96,5.96,Travel,my_bank_statement_copy
07/12/2025,07/13/2025,DUNKIN #343358 Q35,Food & Drink,Sale,-3.36,,2025-07-12,DUNKIN #343358 Q35,-3.36,3.36,3.36,Food & Drink,my_bank_statement_copy
07/12/2025,07/15/2025,7-ELEVEN 33892,Gas,Sale,-5.1,,2025-07-12,7-ELEVEN 33892,-5.1,5.1,5.1,Gas,my_bank_statement_copy
07/14/2025,07/16/2025,TARGET        00032193,Shopping,Sale,-64.94,,2025-07-14,TARGET        00032193,-64.94,64.94,64.94,Shopping,my_bank_statement_copy
07/15/2025,07/16/2025,DD/BR #349441 Q35,Food & Drink,Sale,-3.32,,2025-07-15,DD/BR #349441 Q35,-3.32,3.32,3.32,Food & Drink,my_bank_statement_copy
07/15/2025,07/16/2025,CTLP*MARK VEND COMPANY,Food & Drink,Sale,-1.8,,2025-07-15,CTLP*MARK VEND COMPANY,-1.8,1.8,1.8,Food & Drink,my_bank_statement_copy
07/15/2025,07/16/2025,SQ *3LP HYDE PARK,Food & Drink,Sale,-25.21,,2025-07-15,SQ *3LP HYDE PARK,-25.21,25.21,25.21,Food & Drink,my_bank_statement_copy
07/15/2025,07/16/2025,DIVVYBI*SUBSCRIPTION,Travel,Sale,-83.0,,2025-07-15,DIVVYBI*SUBSCRIPTION,-83.0,83.0,83.0,Travel,my_bank_statement_copy
07/19/2025,07/20/2025,Store,Food & Drink,Sale,-19.71,,2025-07-19,Store,-19.71,19.71,19.71,Food & Drink,my_bank_statement_copy
07/19/2025,07/20/2025,DUNKIN #343358 Q35,Food & Drink,Sale,-9.5,,2025-07-19,DUNKIN #343358 Q35,-9.5,9.5,9.5,Food & Drink,my_bank_statement_copy
07/19/2025,07/20/2025,VENTRA MOBILE,Travel,Sale,-5.0,,2025-07-19,VENTRA MOBILE,-5.0,5.0,5.0,Travel,my_bank_statement_copy
07/21/2025,07/22/2025,LYFT   *RIDE MON 12PM,Travel,Sale,-11.5,,2025-07-21,LYFT   *RIDE MON 12PM,-11.5,11.5,11.5,Travel,my_bank_statement_copy
07/21/2025,07/22/2025,SQ *GARAGE SALE VINTAGE -,Food & Drink,Sale,-13.23,,2025-07-21,SQ *GARAGE SALE VINTAGE -,-13.23,13.23,13.23,Food & Drink,my_bank_statement_copy
07/21/2025,07/22/2025,BELLE MEADE MANSION,Shopping,Sale,-8.23,,2025-07-21,BELLE MEADE MANSION,-8.23,8.23,8.23,Shopping,my_bank_statement_copy
07/22/2025,07/23/2025,UBER   *TRIP,Travel,Sale,-11.63,,2025-07-22,UBER   *TRIP,-11.63,11.63,11.63,Travel,my_bank_statement_copy
07/22/2025,07/22/2025,LYFT   *RIDE MON 9PM,Travel,Sale,-7.49,,2025-07-22,LYFT   *RIDE MON 9PM,-7.49,7.49,7.49,Travel,my_bank_statement_copy
07/22/2025,07/22/2025,UBER   *TRIP,Travel,Sale,-44.24,,2025-07-22,UBER   *TRIP,-44.24,44.24,44.24,Travel,my_bank_statement_copy
07/22/2025,07/24/2025,LEGENDS@NISSAN-ZIPPIN,Food & Drink,Sale,-6.92,,2025-07-22,LEGENDS@NISSAN-ZIPPIN,-6.92,6.92,6.92,Food & Drink,my_bank_statement_copy
07/22/2025,07/24/2025,CONCESSIONS LEGENDS @,Food & Drink,Sale,-6.59,,2025-07-22,CONCESSIONS LEGENDS @,-6.59,6.59,6.59,Food & Drink,my_bank_statement_copy
07/23/2025,07/24/2025,STARBUCKS 800-782-7282,Food & Drink,Sale,-10.0,,2025-07-23,STARBUCKS 800-782-7282,-10.0,10.0,10.0,Food & Drink,my_bank_statement_copy
07/23/2025,07/23/2025,LYFT   *RIDE TUE 11PM,Travel,Sale,-45.93,,2025-07-23,LYFT   *RIDE TUE 11PM,-45.93,45.93,45.93,Travel,my_bank_statement_copy
07/23/2025,07/23/2025,AUTOMATIC PAYMENT - THANK,,Payment,40.0,,2025-07-23,AUTOMATIC PAYMENT - THANK,40.0,0.0,0.0,nan,my_bank_statement_copy
07/24/2025,07/25/2025,LEGO CHICAGO,Shopping,Sale,-22.03,,2025-07-24,LEGO CHICAGO,-22.03,22.03,22.03,Shopping,my_bank_statement_copy
07/24/2025,07/25/2025,WB Studio Enterprises Inc,Entertainment,Sale,-4.51,,2025-07-24,WB Studio Enterprises Inc,-4.51,4.51,4.51,Entertainment,my_bank_statement_copy
07/26/2025,07/27/2025,7-ELEVEN 33892,Gas,Sale,-4.08,,2025-07-26,7-ELEVEN 33892,-4.08,4.08,4.08,Gas,my_bank_statement_copy
07/28/2025,07/29/2025,LYFT   *RIDE SUN 3PM,Travel,Sale,-16.83,,2025-07-28,LYFT   *RIDE SUN 3PM,-16.83,16.83,16.83,Travel,my_bank_statement_copy
07/30/2025,08/01/2025,LEVY@SOLDIER FIELD CON,Food & Drink,Sale,-10.05,,2025-07-30,LEVY@SOLDIER FIELD CON,-10.05,10.05,10.05,Food & Drink,my_bank_statement_copy
07/30/2025,07/30/2025,LYFT   *RIDE TUE 1PM,Travel,Sale,-5.25,,2025-07-30,LYFT   *RIDE TUE 1PM,-5.25,5.25,5.25,Travel,my_bank_statement_copy
07/30/2025,08/01/2025,TST*THEORY CHICAGO,Food & Drink,Sale,-8.91,,2025-07-30,TST*THEORY CHICAGO,-8.91,8.91,8.91,Food & Drink,my_bank_statement_copy
07/30/2025,08/01/2025,LEVY@SOLDIER FIELD CON,Food & Drink,Sale,-9.49,,2025-07-30,LEVY@SOLDIER FIELD CON,-9.49,9.49,9.49,Food & Drink,my_bank_statement_copy
08/01/2025,08/03/2025,DUNKIN #343358 Q35,Food & Drink,Sale,-5.13,,2025-08-01,DUNKIN #343358 Q35,-5.13,5.13,5.13,Food & Drink,my_bank_statement_copy
08/02/2025,08/03/2025,Payment Thank You-Mobile,,Payment,914.82,,2025-08-02,Payment Thank You-Mobile,914.82,0.0,0.0,nan,my_bank_statement_copy
08/02/2025,08/03/2025,AMC 9640 ONLINE,Entertainment,Sale,-29.11,,2025-08-02,AMC 9640 ONLINE,-29.11,29.11,29.11,Entertainment,my_bank_statement_copy
08/03/2025,08/03/2025,UBER   *TRIP,Travel,Sale,-6.46,,2025-08-03,UBER   *TRIP,-6.46,6.46,6.46,Travel,my_bank_statement_copy
08/03/2025,08/04/2025,SQ *CAFE 53,Food & Drink,Sale,-7.07,,2025-08-03,SQ *CAFE 53,-7.07,7.07,7.07,Food & Drink,my_bank_statement_copy
08/03/2025,08/04/2025,SQ *CAFE 53,Food & Drink,Sale,-3.27,,2025-08-03,SQ *CAFE 53,-3.27,3.27,3.27,Food & Drink,my_bank_statement_copy
08/04/2025,08/05/2025,POWELL'S BOOKSTORES INC,Shopping,Sale,-12.13,,2025-08-04,POWELL'S BOOKSTORES INC,-12.13,12.13,12.13,Shopping,my_bank_statement_copy
08/06/2025,08/08/2025,TRADER JOE S #706,Groceries,Sale,-31.24,,2025-08-06,TRADER JOE S #706,-31.24,31.24,31.24,Groceries,my_bank_statement_copy
08/06/2025,08/07/2025,LYFT   *RIDE WED 1PM,Travel,Sale,-6.95,,2025-08-06,LYFT   *RIDE WED 1PM,-6.95,6.95,6.95,Travel,my_bank_statement_copy
08/06/2025,08/06/2025,Subway 10056,Food & Drink,Sale,-7.74,,2025-08-06,Subway 10056,-7.74,7.74,7.74,Food & Drink,my_bank_statement_copy
08/06/2025,08/07/2025,DD/BR #349441 Q35,Food & Drink,Sale,-3.32,,2025-08-06,DD/BR #349441 Q35,-3.32,3.32,3.32,Food & Drink,my_bank_statement_copy
08/06/2025,08/07/2025,LYFT   *RIDE TUE 10PM,Travel,Sale,-19.23,,2025-08-06,LYFT   *RIDE TUE 10PM,-19.23,19.23,19.23,Travel,my_bank_statement_copy
08/07/2025,08/08/2025,EX LIBRIS CAFE,Food & Drink,Sale,-5.5,,2025-08-07,EX LIBRIS CAFE,-5.5,5.5,5.5,Food & Drink,my_bank_statement_copy
08/08/2025,08/08/2025,LYFT   *RIDE THU 1PM,Travel,Sale,-6.99,,2025-08-08,LYFT   *RIDE THU 1PM,-6.99,6.99,6.99,Travel,my_bank_statement_copy
08/09/2025,08/10/2025,DUNKIN #343358 Q35,Food & Drink,Sale,-3.36,,2025-08-09,DUNKIN #343358 Q35,-3.36,3.36,3.36,Food & Drink,my_bank_statement_copy
08/10/2025,08/11/2025,LYFT   *RIDE SAT 8PM,Travel,Sale,-16.2,,2025-08-10,LYFT   *RIDE SAT 8PM,-16.2,16.2,16.2,Travel,my_bank_statement_copy
08/10/2025,08/11/2025,AMC 0133 RIVER EAST 21,Entertainment,Sale,-12.06,,2025-08-10,AMC 0133 RIVER EAST 21,-12.06,12.06,12.06,Entertainment,my_bank_statement_copy
08/10/2025,08/10/2025,LYFT   *RIDE SAT 5PM,Travel,Sale,-17.52,,2025-08-10,LYFT   *RIDE SAT 5PM,-17.52,17.52,17.52,Travel,my_bank_statement_copy
08/13/2025,08/14/2025,TARGET        00032193,Shopping,Sale,-59.17,,2025-08-13,TARGET        00032193,-59.17,59.17,59.17,Shopping,my_bank_statement_copy
08/13/2025,08/14/2025,LYFT   *RIDE TUE 2PM,Travel,Sale,-13.84,,2025-08-13,LYFT   *RIDE TUE 2PM,-13.84,13.84,13.84,Travel,my_bank_statement_copy
08/13/2025,08/14/2025,SHORELINE E-GALAXY,Entertainment,Sale,-292.68,,2025-08-13,SHORELINE E-GALAXY,-292.68,292.68,292.68,Entertainment,my_bank_statement_copy
08/14/2025,08/14/2025,Payment Thank You-Mobile,,Payment,193.28,,2025-08-14,Payment Thank You-Mobile,193.28,0.0,0.0,nan,my_bank_statement_copy
08/14/2025,08/15/2025,PAYRANGE MOBILE,Bills & Utilities,Sale,-25.0,,2025-08-14,PAYRANGE MOBILE,-25.0,25.0,25.0,Bills & Utilities,my_bank_statement_copy
08/14/2025,08/15/2025,WHOLEFDS HDP#10458,Groceries,Sale,-6.6,,2025-08-14,WHOLEFDS HDP#10458,-6.6,6.6,6.6,Groceries,my_bank_statement_copy
08/14/2025,08/15/2025,DUNKIN #343358 Q35,Food & Drink,Sale,-7.53,,2025-08-14,DUNKIN #343358 Q35,-7.53,7.53,7.53,Food & Drink,my_bank_statement_copy
08/15/2025,08/15/2025,LYFT   *RIDE THU 10PM,Travel,Sale,-5.99,,2025-08-15,LYFT   *RIDE THU 10PM,-5.99,5.99,5.99,Travel,my_bank_statement_copy
08/15/2025,08/17/2025,LYFT   *RIDE FRI 1AM,Travel,Sale,-13.68,,2025-08-15,LYFT   *RIDE FRI 1AM,-13.68,13.68,13.68,Travel,my_bank_statement_copy
08/15/2025,08/17/2025,LYFT   *RIDE FRI 1PM,Travel,Sale,-9.99,,2025-08-15,LYFT   *RIDE FRI 1PM,-9.99,9.99,9.99,Travel,my_bank_statement_copy
08/16/2025,08/17/2025,LYFT   *RIDE SAT 2AM,Travel,Sale,-6.15,,2025-08-16,LYFT   *RIDE SAT 2AM,-6.15,6.15,6.15,Travel,my_bank_statement_copy
08/16/2025,08/17/2025,LYFT   *CANCEL FEE,Travel,Sale,-1.0,,2025-08-16,LYFT   *CANCEL FEE,-1.0,1.0,1.0,Travel,my_bank_statement_copy
08/16/2025,08/17/2025,LYFT   *RIDE FRI 3PM,Travel,Sale,-8.99,,2025-08-16,LYFT   *RIDE FRI 3PM,-8.99,8.99,8.99,Travel,my_bank_statement_copy
08/16/2025,08/17/2025,FSP*RAGSTOCK-WICKER PARK,Shopping,Sale,-16.53,,2025-08-16,FSP*RAGSTOCK-WICKER PARK,-16.53,16.53,16.53,Shopping,my_bank_statement_copy
08/16/2025,08/17/2025,UBER   *TRIP,Travel,Sale,-15.03,,2025-08-16,UBER   *TRIP,-15.03,15.03,15.03,Travel,my_bank_statement_copy
08/16/2025,08/17/2025,TST* LEYE - NAVY PIER,Food & Drink,Sale,-12.12,,2025-08-16,TST* LEYE - NAVY PIER,-12.12,12.12,12.12,Food & Drink,my_bank_statement_copy
08/16/2025,08/17/2025,LYFT   *RIDE FRI 11PM,Travel,Sale,-11.9,,2025-08-16,LYFT   *RIDE FRI 11PM,-11.9,11.9,11.9,Travel,my_bank_statement_copy
08/16/2025,08/17/2025,LYFT   *RIDE SAT 2PM,Travel,Sale,-6.67,,2025-08-16,LYFT   *RIDE SAT 2PM,-6.67,6.67,6.67,Travel,my_bank_statement_copy
08/16/2025,08/17/2025,LYFT   *RIDE FRI 11PM,Travel,Sale,-9.99,,2025-08-16,LYFT   *RIDE FRI 11PM,-9.99,9.99,9.99,Travel,my_bank_statement_copy
08/16/2025,08/18/2025,TST*TORTELLO,Food & Drink,Sale,-30.18,,2025-08-16,TST*TORTELLO,-30.18,30.18,30.18,Food & Drink,my_bank_statement_copy
08/16/2025,08/17/2025,LYFT   *RIDE SAT 1PM,Travel,Sale,-27.81,,2025-08-16,LYFT   *RIDE SAT 1PM,-27.81,27.81,27.81,Travel,my_bank_statement_copy
08/17/2025,08/19/2025,ART INST-MAIN MUS SHOP,Shopping,Sale,-1.65,,2025-08-17,ART INST-MAIN MUS SHOP,-1.65,1.65,1.65,Shopping,my_bank_statement_copy
08/17/2025,08/18/2025,LYFT   *RIDE SUN 12PM,Travel,Sale,-15.92,,2025-08-17,LYFT   *RIDE SUN 12PM,-15.92,15.92,15.92,Travel,my_bank_statement_copy
08/17/2025,08/18/2025,UBER   *TRIP,Travel,Sale,-21.54,,2025-08-17,UBER   *TRIP,-21.54,21.54,21.54,Travel,my_bank_statement_copy
08/17/2025,08/18/2025,LYFT   *RIDE SUN 1PM,Travel,Sale,-13.99,,2025-08-17,LYFT   *RIDE SUN 1PM,-13.99,13.99,13.99,Travel,my_bank_statement_copy
08/17/2025,08/18/2025,UBER   *TRIP,Travel,Sale,-15.53,,2025-08-17,UBER   *TRIP,-15.53,15.53,15.53,Travel,my_bank_statement_copy
08/17/2025,08/19/2025,SHEDD AQUARIUM,Food & Drink,Sale,-13.23,,2025-08-17,SHEDD AQUARIUM,-13.23,13.23,13.23,Food & Drink,my_bank_statement_copy
08/17/2025,08/19/2025,TARGET        00032193,Shopping,Sale,-4.18,,2025-08-17,TARGET        00032193,-4.18,4.18,4.18,Shopping,my_bank_statement_copy
08/17/2025,08/19/2025,STARBUCKS STORE 15683,Food & Drink,Sale,-2.45,,2025-08-17,STARBUCKS STORE 15683,-2.45,2.45,2.45,Food & Drink,my_bank_statement_copy
08/17/2025,08/18/2025,John G. Shedd Aquarium,Gifts & Donations,Sale,-19.95,,2025-08-17,John G. Shedd Aquarium,-19.95,19.95,19.95,Gifts & Donations,my_bank_statement_copy
08/17/2025,08/19/2025,PIZZA CAPRI - CHICAGO,Food & Drink,Sale,-51.0,,2025-08-17,PIZZA CAPRI - CHICAGO,-51.0,51.0,51.0,Food & Drink,my_bank_statement_copy
08/17/2025,08/18/2025,LYFT   *RIDE SUN 4PM,Travel,Sale,-14.8,,2025-08-17,LYFT   *RIDE SUN 4PM,-14.8,14.8,14.8,Travel,my_bank_statement_copy
08/17/2025,08/17/2025,LYFT   *RIDE SAT 8PM,Travel,Sale,-12.83,,2025-08-17,LYFT   *RIDE SAT 8PM,-12.83,12.83,12.83,Travel,my_bank_statement_copy
08/17/2025,08/19/2025,ART INST-MAIN MUS SHOP,Shopping,Sale,-1.65,,2025-08-17,ART INST-MAIN MUS SHOP,-1.65,1.65,1.65,Shopping,my_bank_statement_copy
08/18/2025,08/18/2025,Payment Thank You-Mobile,,Payment,563.5,,2025-08-18,Payment Thank You-Mobile,563.5,0.0,0.0,nan,my_bank_statement_copy
08/19/2025,08/20/2025,TST* SIP AND SAVOR - SOUT,Food & Drink,Sale,-8.27,,2025-08-19,TST* SIP AND SAVOR - SOUT,-8.27,8.27,8.27,Food & Drink,my_bank_statement_copy
08/19/2025,08/20/2025,SQ *ALMENDRO CAFE,Food & Drink,Sale,-4.96,,2025-08-19,SQ *ALMENDRO CAFE,-4.96,4.96,4.96,Food & Drink,my_bank_statement_copy
08/20/2025,08/21/2025,ISO STUDENT HEALTH INSURA,Bills & Utilities,Sale,-1624.0,,2025-08-20,ISO STUDENT HEALTH INSURA,-1624.0,1624.0,1624.0,Bills & Utilities,my_bank_statement_copy
08/20/2025,08/21/2025,SQ *SHAWARMAN,Food & Drink,Sale,-26.19,,2025-08-20,SQ *SHAWARMAN,-26.19,26.19,26.19,Food & Drink,my_bank_statement_copy
08/20/2025,08/22/2025,UCHICAGO FRENCH PRESS,Education,Sale,-3.31,,2025-08-20,UCHICAGO FRENCH PRESS,-3.31,3.31,3.31,Education,my_bank_statement_copy
08/21/2025,08/22/2025,SQ *ALMENDRO CAFE,Food & Drink,Sale,-14.77,,2025-08-21,SQ *ALMENDRO CAFE,-14.77,14.77,14.77,Food & Drink,my_bank_statement_copy
08/21/2025,08/22/2025,LYFT   *RIDE WED 1PM,Travel,Sale,-8.99,,2025-08-21,LYFT   *RIDE WED 1PM,-8.99,8.99,8.99,Travel,my_bank_statement_copy
08/22/2025,08/22/2025,Payment Thank You-Mobile,,Payment,1869.49,,2025-08-22,Payment Thank You-Mobile,1869.49,0.0,0.0,nan,my_bank_statement_copy
08/23/2025,08/24/2025,TST* HOWL AT THE MOON - C,Food & Drink,Sale,-48.0,,2025-08-23,TST* HOWL AT THE MOON - C,-48.0,48.0,48.0,Food & Drink,my_bank_statement_copy
08/23/2025,08/24/2025,LYFT   *RIDE SAT 1PM,Travel,Sale,-11.79,,2025-08-23,LYFT   *RIDE SAT 1PM,-11.79,11.79,11.79,Travel,my_bank_statement_copy
08/23/2025,08/24/2025,LYFT   *RIDE FRI 3PM,Travel,Sale,-18.59,,2025-08-23,LYFT   *RIDE FRI 3PM,-18.59,18.59,18.59,Travel,my_bank_statement_copy
08/24/2025,08/24/2025,LYFT   *RIDE SAT 3PM,Travel,Sale,-15.8,,2025-08-24,LYFT   *RIDE SAT 3PM,-15.8,15.8,15.8,Travel,my_bank_statement_copy
08/24/2025,08/25/2025,UBER   *TRIP,Travel,Sale,-8.2,,2025-08-24,UBER   *TRIP,-8.2,8.2,8.2,Travel,my_bank_statement_copy
08/24/2025,08/25/2025,DIVVYBI*1 RIDE,Travel,Sale,-7.59,,2025-08-24,DIVVYBI*1 RIDE,-7.59,7.59,7.59,Travel,my_bank_statement_copy
08/24/2025,08/25/2025,CTLP*PHOTOBOOTH VEND,Entertainment,Sale,-8.0,,2025-08-24,CTLP*PHOTOBOOTH VEND,-8.0,8.0,8.0,Entertainment,my_bank_statement_copy
08/24/2025,08/25/2025,PRIMARK CHICAGO STATE STR,Shopping,Sale,-29.32,,2025-08-24,PRIMARK CHICAGO STATE STR,-29.32,29.32,29.32,Shopping,my_bank_statement_copy
08/25/2025,08/25/2025,LYFT   *RIDE SUN 4PM,Travel,Sale,-11.88,,2025-08-25,LYFT   *RIDE SUN 4PM,-11.88,11.88,11.88,Travel,my_bank_statement_copy
08/25/2025,08/26/2025,TST* LEYE - NAVY PIER,Food & Drink,Sale,-6.92,,2025-08-25,TST* LEYE - NAVY PIER,-6.92,6.92,6.92,Food & Drink,my_bank_statement_copy
08/26/2025,08/27/2025,TST*LABRIOLA - CHICAGO 5,Food & Drink,Sale,-120.6,,2025-08-26,TST*LABRIOLA - CHICAGO 5,-120.6,120.6,120.6,Food & Drink,my_bank_statement_copy
08/27/2025,08/28/2025,TARGET        00032193,Shopping,Sale,-22.32,,2025-08-27,TARGET        00032193,-22.32,22.32,22.32,Shopping,my_bank_statement_copy
08/27/2025,08/28/2025,SQ *ALMENDRO CAFE,Food & Drink,Sale,-4.96,,2025-08-27,SQ *ALMENDRO CAFE,-4.96,4.96,4.96,Food & Drink,my_bank_statement_copy
08/28/2025,08/29/2025,LYFT   *RIDE THU 10AM,Travel,Sale,-13.99,,2025-08-28,LYFT   *RIDE THU 10AM,-13.99,13.99,13.99,Travel,my_bank_statement_copy
08/29/2025,08/31/2025,DUNKIN #343358 Q35,Food & Drink,Sale,-6.71,,2025-08-29,DUNKIN #343358 Q35,-6.71,6.71,6.71,Food & Drink,my_bank_statement_copy
08/29/2025,08/31/2025,TACO BELL 733484,Food & Drink,Sale,-7.91,,2025-08-29,TACO BELL 733484,-7.91,7.91,7.91,Food & Drink,my_bank_statement_copy
08/29/2025,08/29/2025,Subway 7659,Food & Drink,Sale,-6.09,,2025-08-29,Subway 7659,-6.09,6.09,6.09,Food & Drink,my_bank_statement_copy
08/29/2025,08/31/2025,7-ELEVEN 33892,Gas,Sale,-6.93,,2025-08-29,7-ELEVEN 33892,-6.93,6.93,6.93,Gas,my_bank_statement_copy
08/30/2025,08/31/2025,LYFT   *RIDE FRI 3PM,Travel,Sale,-20.01,,2025-08-30,LYFT   *RIDE FRI 3PM,-20.01,20.01,20.01,Travel,my_bank_statement_copy
09/01/2025,09/01/2025,STARBUCKS 8007827282,Food & Drink,Sale,-10.0,,2025-09-01,STARBUCKS 8007827282,-10.0,10.0,10.0,Food & Drink,my_bank_statement_copy
09/01/2025,09/01/2025,Payment Thank You-Mobile,,Payment,402.68,,2025-09-01,Payment Thank You-Mobile,402.68,0.0,0.0,nan,my_bank_statement_copy
09/02/2025,09/04/2025,LSU Broken English Tac,Food & Drink,Sale,-67.35,,2025-09-02,LSU Broken English Tac,-67.35,67.35,67.35,Food & Drink,my_bank_statement_copy
09/02/2025,09/03/2025,AMC 9640 ONLINE,Entertainment,Sale,-29.11,,2025-09-02,AMC 9640 ONLINE,-29.11,29.11,29.11,Entertainment,my_bank_statement_copy
09/02/2025,09/03/2025,AMC 9640 ONLINE,Entertainment,Sale,-11.47,,2025-09-02,AMC 9640 ONLINE,-11.47,11.47,11.47,Entertainment,my_bank_statement_copy
09/02/2025,09/03/2025,REI.COM  800-426-4840,Shopping,Sale,-119.0,,2025-09-02,REI.COM  800-426-4840,-119.0,119.0,119.0,Shopping,my_bank_statement_copy
09/03/2025,09/03/2025,LYFT   *RIDE TUE 6PM,Travel,Sale,-14.94,,2025-09-03,LYFT   *RIDE TUE 6PM,-14.94,14.94,14.94,Travel,my_bank_statement_copy
09/03/2025,09/05/2025,TRADER JOE S #706,Groceries,Sale,-59.04,,2025-09-03,TRADER JOE S #706,-59.04,59.04,59.04,Groceries,my_bank_statement_copy
09/03/2025,09/04/2025,TST* CHICAGO BREWHOUSE,Food & Drink,Sale,-40.2,,2025-09-03,TST* CHICAGO BREWHOUSE,-40.2,40.2,40.2,Food & Drink,my_bank_statement_copy
09/04/2025,09/05/2025,SWEET DRIP,Food & Drink,Sale,-5.67,,2025-09-04,SWEET DRIP,-5.67,5.67,5.67,Food & Drink,my_bank_statement_copy
09/06/2025,09/07/2025,Payment Thank You-Mobile,,Payment,356.78,,2025-09-06,Payment Thank You-Mobile,356.78,0.0,0.0,nan,my_bank_statement_copy
09/06/2025,09/08/2025,PIZZA CAPRI - CHICAGO,Food & Drink,Sale,-71.0,,2025-09-06,PIZZA CAPRI - CHICAGO,-71.0,71.0,71.0,Food & Drink,my_bank_statement_copy
09/07/2025,09/08/2025,BOOKING.COM* 1O9OFEPCL,Travel,Sale,-1062.18,,2025-09-07,BOOKING.COM* 1O9OFEPCL,-1062.18,1062.18,1062.18,Travel,my_bank_statement_copy
09/07/2025,09/08/2025,WHOLEFDS HDP#10458,Groceries,Sale,-20.41,,2025-09-07,WHOLEFDS HDP#10458,-20.41,20.41,20.41,Groceries,my_bank_statement_copy
09/07/2025,09/08/2025,PAYRANGE MOBILE,Bills & Utilities,Sale,-25.0,,2025-09-07,PAYRANGE MOBILE,-25.0,25.0,25.0,Bills & Utilities,my_bank_statement_copy
09/07/2025,09/09/2025,TRADER JOE S #706,Groceries,Sale,-95.15,,2025-09-07,TRADER JOE S #706,-95.15,95.15,95.15,Groceries,my_bank_statement_copy
09/08/2025,09/09/2025,CURB CHI TAXI,Travel,Sale,-94.25,,2025-09-08,CURB CHI TAXI,-94.25,94.25,94.25,Travel,my_bank_statement_copy
09/08/2025,09/09/2025,HOLLISTER CO.,Shopping,Sale,-56.56,,2025-09-08,HOLLISTER CO.,-56.56,56.56,56.56,Shopping,my_bank_statement_copy
09/09/2025,09/10/2025,360 Chicago,Entertainment,Sale,-102.0,,2025-09-09,360 Chicago,-102.0,102.0,102.0,Entertainment,my_bank_statement_copy
09/09/2025,09/11/2025,TST*WHISPERS AT MARIANO,Food & Drink,Sale,-12.01,,2025-09-09,TST*WHISPERS AT MARIANO,-12.01,12.01,12.01,Food & Drink,my_bank_statement_copy
09/10/2025,09/11/2025,LYFT   *RIDE TUE 2PM,Travel,Sale,-19.69,,2025-09-10,LYFT   *RIDE TUE 2PM,-19.69,19.69,19.69,Travel,my_bank_statement_copy
09/10/2025,09/11/2025,WHOLEFDS HDP#10458,Groceries,Sale,-4.57,,2025-09-10,WHOLEFDS HDP#10458,-4.57,4.57,4.57,Groceries,my_bank_statement_copy
09/10/2025,09/11/2025,Payment Thank You-Mobile,,Payment,1526.55,,2025-09-10,Payment Thank You-Mobile,1526.55,0.0,0.0,nan,my_bank_statement_copy
09/11/2025,09/12/2025,ADLER PLANETARIUM,Entertainment,Sale,-45.0,,2025-09-11,ADLER PLANETARIUM,-45.0,45.0,45.0,Entertainment,my_bank_statement_copy
09/11/2025,09/14/2025,MACYS 215 SST SBUX 72622,Food & Drink,Sale,-5.93,,2025-09-11,MACYS 215 SST SBUX 72622,-5.93,5.93,5.93,Food & Drink,my_bank_statement_copy
09/12/2025,09/14/2025,NORDSTROM-RACK #0274,Shopping,Sale,-176.33,,2025-09-12,NORDSTROM-RACK #0274,-176.33,176.33,176.33,Shopping,my_bank_statement_copy
09/12/2025,09/12/2025,LYFT   *RIDE WED 9PM,Travel,Sale,-13.7,,2025-09-12,LYFT   *RIDE WED 9PM,-13.7,13.7,13.7,Travel,my_bank_statement_copy
09/12/2025,09/14/2025,PRIMARK CHICAGO STATE STR,Shopping,Sale,-51.82,,2025-09-12,PRIMARK CHICAGO STATE STR,-51.82,51.82,51.82,Shopping,my_bank_statement_copy
09/12/2025,09/14/2025,ROSS STORES #1716,Shopping,Sale,-40.76,,2025-09-12,ROSS STORES #1716,-40.76,40.76,40.76,Shopping,my_bank_statement_copy
09/12/2025,09/14/2025,Subway 7706,Food & Drink,Sale,-14.28,,2025-09-12,Subway 7706,-14.28,14.28,14.28,Food & Drink,my_bank_statement_copy
09/12/2025,09/14/2025,WHOLEFDS HDP#10458,Groceries,Sale,-1.42,,2025-09-12,WHOLEFDS HDP#10458,-1.42,1.42,1.42,Groceries,my_bank_statement_copy
09/13/2025,09/14/2025,SP AKIRA,Shopping,Sale,-27.46,,2025-09-13,SP AKIRA,-27.46,27.46,27.46,Shopping,my_bank_statement_copy
09/13/2025,09/14/2025,CVS/PHARMACY #05836,Health & Wellness,Sale,-15.99,,2025-09-13,CVS/PHARMACY #05836,-15.99,15.99,15.99,Health & Wellness,my_bank_statement_copy
09/13/2025,09/14/2025,VEGGIE HOUSE,Food & Drink,Sale,-48.03,,2025-09-13,VEGGIE HOUSE,-48.03,48.03,48.03,Food & Drink,my_bank_statement_copy
09/13/2025,09/15/2025,TARGET        00032193,Shopping,Sale,-9.45,,2025-09-13,TARGET        00032193,-9.45,9.45,9.45,Shopping,my_bank_statement_copy
09/13/2025,09/15/2025,TRADER JOE S #706,Groceries,Sale,-44.17,,2025-09-13,TRADER JOE S #706,-44.17,44.17,44.17,Groceries,my_bank_statement_copy
09/13/2025,09/14/2025,MACYS   .COM,Shopping,Sale,-57.29,,2025-09-13,MACYS   .COM,-57.29,57.29,57.29,Shopping,my_bank_statement_copy
09/14/2025,09/14/2025,LYFT   *RIDE FRI 7PM,Travel,Sale,-14.23,,2025-09-14,LYFT   *RIDE FRI 7PM,-14.23,14.23,14.23,Travel,my_bank_statement_copy
09/14/2025,09/15/2025,UBER   *TRIP,Travel,Sale,-57.52,,2025-09-14,UBER   *TRIP,-57.52,57.52,57.52,Travel,my_bank_statement_copy
09/14/2025,09/15/2025,KOHL'S #1152,Shopping,Sale,-66.1,,2025-09-14,KOHL'S #1152,-66.1,66.1,66.1,Shopping,my_bank_statement_copy
09/14/2025,09/15/2025,LYFT   *CANCEL FEE,Travel,Sale,-1.0,,2025-09-14,LYFT   *CANCEL FEE,-1.0,1.0,1.0,Travel,my_bank_statement_copy
09/15/2025,09/16/2025,BYT*KING COUNTY METRO,Travel,Sale,-18.0,,2025-09-15,BYT*KING COUNTY METRO,-18.0,18.0,18.0,Travel,my_bank_statement_copy
09/15/2025,09/17/2025,TARGET        00027862,Shopping,Sale,-17.93,,2025-09-15,TARGET        00027862,-17.93,17.93,17.93,Shopping,my_bank_statement_copy
09/15/2025,09/15/2025,BOOKING.COM* 1LG8EQBFO,Travel,Sale,-276.2,,2025-09-15,BOOKING.COM* 1LG8EQBFO,-276.2,276.2,276.2,Travel,my_bank_statement_copy
09/16/2025,09/16/2025,bathandbodyworks.com,Shopping,Sale,-27.56,,2025-09-16,bathandbodyworks.com,-27.56,27.56,27.56,Shopping,my_bank_statement_copy
09/16/2025,09/16/2025,Payment Thank You-Mobile,,Payment,1002.95,,2025-09-16,Payment Thank You-Mobile,1002.95,0.0,0.0,nan,my_bank_statement_copy
09/16/2025,09/17/2025,SQ *BOTTEGA GELATO,Food & Drink,Sale,-11.02,,2025-09-16,SQ *BOTTEGA GELATO,-11.02,11.02,11.02,Food & Drink,my_bank_statement_copy
09/16/2025,09/17/2025,UBER   *TRIP,Travel,Sale,-11.94,,2025-09-16,UBER   *TRIP,-11.94,11.94,11.94,Travel,my_bank_statement_copy
09/16/2025,09/17/2025,UNIQLO Pine Street,Shopping,Sale,-32.99,,2025-09-16,UNIQLO Pine Street,-32.99,32.99,32.99,Shopping,my_bank_statement_copy
09/16/2025,09/18/2025,TARGET        00027862,Shopping,Return,14.33,,2025-09-16,TARGET        00027862,14.33,0.0,0.0,Shopping,my_bank_statement_copy
09/16/2025,09/17/2025,NORDSTROM-RACK #0016,Shopping,Sale,-99.22,,2025-09-16,NORDSTROM-RACK #0016,-99.22,99.22,99.22,Shopping,my_bank_statement_copy
09/16/2025,09/18/2025,TARGET        00027862,Shopping,Sale,-18.79,,2025-09-16,TARGET        00027862,-18.79,18.79,18.79,Shopping,my_bank_statement_copy
09/16/2025,09/18/2025,TARGET        00027862,Shopping,Sale,-14.28,,2025-09-16,TARGET        00027862,-14.28,14.28,14.28,Shopping,my_bank_statement_copy
09/17/2025,09/17/2025,LS SEATTLE SHIRT COMP,Shopping,Sale,-12.43,,2025-09-17,LS SEATTLE SHIRT COMP,-12.43,12.43,12.43,Shopping,my_bank_statement_copy
09/17/2025,09/18/2025,TARGET        00027862,Shopping,Sale,-2.53,,2025-09-17,TARGET        00027862,-2.53,2.53,2.53,Shopping,my_bank_statement_copy
09/17/2025,09/18/2025,SQ *THE ORIGINAL PEGASUS,Food & Drink,Sale,-27.85,,2025-09-17,SQ *THE ORIGINAL PEGASUS,-27.85,27.85,27.85,Food & Drink,my_bank_statement_copy
09/17/2025,09/18/2025,NORDSTROM-RACK #0016,Shopping,Sale,-27.55,,2025-09-17,NORDSTROM-RACK #0016,-27.55,27.55,27.55,Shopping,my_bank_statement_copy
09/17/2025,09/18/2025,SQ *THE ORIGINAL PEGASUS,Food & Drink,Sale,-5.46,,2025-09-17,SQ *THE ORIGINAL PEGASUS,-5.46,5.46,5.46,Food & Drink,my_bank_statement_copy
09/17/2025,09/19/2025,TARGET        00027862,Shopping,Sale,-6.67,,2025-09-17,TARGET        00027862,-6.67,6.67,6.67,Shopping,my_bank_statement_copy
09/18/2025,09/19/2025,PETRO SPOKANE #339,Gas,Sale,-20.0,,2025-09-18,PETRO SPOKANE #339,-20.0,20.0,20.0,Gas,my_bank_statement_copy
09/18/2025,09/18/2025,BKG*BOOKING.COM HOTEL,Travel,Sale,-277.2,,2025-09-18,BKG*BOOKING.COM HOTEL,-277.2,277.2,277.2,Travel,my_bank_statement_copy
09/18/2025,09/19/2025,SALISH LODGE - FALLS GIFT,Shopping,Sale,-4.78,,2025-09-18,SALISH LODGE - FALLS GIFT,-4.78,4.78,4.78,Shopping,my_bank_statement_copy
09/18/2025,09/19/2025,MAIN MARKET CO-OP,Groceries,Sale,-20.04,,2025-09-18,MAIN MARKET CO-OP,-20.04,20.04,20.04,Groceries,my_bank_statement_copy
09/18/2025,09/18/2025,UNIQLO Pine Street,Shopping,Sale,-21.96,,2025-09-18,UNIQLO Pine Street,-21.96,21.96,21.96,Shopping,my_bank_statement_copy
09/18/2025,09/19/2025,CO SPOKANE RIVERFRONT PAR,Bills & Utilities,Sale,-47.75,,2025-09-18,CO SPOKANE RIVERFRONT PAR,-47.75,47.75,47.75,Bills & Utilities,my_bank_statement_copy
09/18/2025,09/19/2025,Subway 11538,Food & Drink,Sale,-24.41,,2025-09-18,Subway 11538,-24.41,24.41,24.41,Food & Drink,my_bank_statement_copy
09/18/2025,09/19/2025,Subway 11538,Food & Drink,Sale,-1.4,,2025-09-18,Subway 11538,-1.4,1.4,1.4,Food & Drink,my_bank_statement_copy
09/19/2025,09/21/2025,SQ *WHATZUP,Food & Drink,Sale,-8.0,,2025-09-19,SQ *WHATZUP,-8.0,8.0,8.0,Food & Drink,my_bank_statement_copy
09/19/2025,09/21/2025,CONOCO - ON YOUR WAY,Gas,Sale,-27.95,,2025-09-19,CONOCO - ON YOUR WAY,-27.95,27.95,27.95,Gas,my_bank_statement_copy
09/19/2025,09/21/2025,SPOKANE PARKING METER,Bills & Utilities,Sale,-2.54,,2025-09-19,SPOKANE PARKING METER,-2.54,2.54,2.54,Bills & Utilities,my_bank_statement_copy
09/19/2025,09/21/2025,SQ *HOOT OWL CAFE,Food & Drink,Sale,-46.93,,2025-09-19,SQ *HOOT OWL CAFE,-46.93,46.93,46.93,Food & Drink,my_bank_statement_copy
09/19/2025,09/21/2025,BONNER FERRY SUPER,Groceries,Sale,-24.58,,2025-09-19,BONNER FERRY SUPER,-24.58,24.58,24.58,Groceries,my_bank_statement_copy
09/19/2025,09/21/2025,76 - SAMS STOP,Gas,Sale,-27.74,,2025-09-19,76 - SAMS STOP,-27.74,27.74,27.74,Gas,my_bank_statement_copy
09/20/2025,09/22/2025,LAST BEST PIZZA,Food & Drink,Sale,-12.42,,2025-09-20,LAST BEST PIZZA,-12.42,12.42,12.42,Food & Drink,my_bank_statement_copy
09/20/2025,09/21/2025,LYFT   *1 RIDE 09-18,Travel,Sale,-73.1,,2025-09-20,LYFT   *1 RIDE 09-18,-73.1,73.1,73.1,Travel,my_bank_statement_copy
09/20/2025,09/21/2025,WEST GLACIER MERCANTIL,Groceries,Sale,-22.98,,2025-09-20,WEST GLACIER MERCANTIL,-22.98,22.98,22.98,Groceries,my_bank_statement_copy
09/20/2025,09/21/2025,GLACIER NATIONAL PARK,Bills & Utilities,Sale,-35.0,,2025-09-20,GLACIER NATIONAL PARK,-35.0,35.0,35.0,Bills & Utilities,my_bank_statement_copy
09/20/2025,09/21/2025,WEST GLACIER CAFE,Food & Drink,Sale,-6.24,,2025-09-20,WEST GLACIER CAFE,-6.24,6.24,6.24,Food & Drink,my_bank_statement_copy
09/20/2025,09/21/2025,COPPERMOUNTAINCOFFEE,Food & Drink,Sale,-5.35,,2025-09-20,COPPERMOUNTAINCOFFEE,-5.35,5.35,5.35,Food & Drink,my_bank_statement_copy
09/21/2025,09/21/2025,Payment Thank You-Mobile,,Payment,737.43,,2025-09-21,Payment Thank You-Mobile,737.43,0.0,0.0,nan,my_bank_statement_copy
09/21/2025,09/22/2025,WEST GLACIER CAFE,Food & Drink,Sale,-4.68,,2025-09-21,WEST GLACIER CAFE,-4.68,4.68,4.68,Food & Drink,my_bank_statement_copy
09/22/2025,09/22/2025,Payment Thank You-Mobile,,Payment,1500.0,,2025-09-22,Payment Thank You-Mobile,1500.0,0.0,0.0,nan,my_bank_statement_copy
09/22/2025,09/23/2025,BROWNING #1107,Gas,Sale,-29.87,,2025-09-22,BROWNING #1107,-29.87,29.87,29.87,Gas,my_bank_statement_copy
09/23/2025,09/24/2025,Subway 17404,Food & Drink,Sale,-14.81,,2025-09-23,Subway 17404,-14.81,14.81,14.81,Food & Drink,my_bank_statement_copy
09/23/2025,09/24/2025,GLACIER PEAKS HOTEL,Travel,Sale,-822.21,,2025-09-23,GLACIER PEAKS HOTEL,-822.21,822.21,822.21,Travel,my_bank_statement_copy
09/23/2025,09/24/2025,HM.COM,Shopping,Sale,-91.73,,2025-09-23,HM.COM,-91.73,91.73,91.73,Shopping,my_bank_statement_copy
09/23/2025,09/25/2025,HUCKLEBERRY PATCH HUNGRY,Food & Drink,Sale,-7.9,,2025-09-23,HUCKLEBERRY PATCH HUNGRY,-7.9,7.9,7.9,Food & Drink,my_bank_statement_copy
09/23/2025,09/25/2025,CONOCO - HELLGATE SERV,Gas,Sale,-21.84,,2025-09-23,CONOCO - HELLGATE SERV,-21.84,21.84,21.84,Gas,my_bank_statement_copy
09/23/2025,09/25/2025,ALBERTSONS #0024,Groceries,Sale,-31.05,,2025-09-23,ALBERTSONS #0024,-31.05,31.05,31.05,Groceries,my_bank_statement_copy
09/23/2025,09/25/2025,HUCKLEBERRY PATCH HUNGRY,Food & Drink,Sale,-6.95,,2025-09-23,HUCKLEBERRY PATCH HUNGRY,-6.95,6.95,6.95,Food & Drink,my_bank_statement_copy
09/24/2025,09/25/2025,CONOCO - S &amp; S FOODS,Gas,Sale,-5.49,,2025-09-24,CONOCO - S &amp; S FOODS,-5.49,5.49,5.49,Gas,my_bank_statement_copy
09/24/2025,09/25/2025,KOHL'S #1515,Shopping,Sale,-54.98,,2025-09-24,KOHL'S #1515,-54.98,54.98,54.98,Shopping,my_bank_statement_copy
09/24/2025,09/25/2025,COPPERMOUNTAINCOFFEE,Food & Drink,Sale,-8.9,,2025-09-24,COPPERMOUNTAINCOFFEE,-8.9,8.9,8.9,Food & Drink,my_bank_statement_copy
09/25/2025,09/26/2025,SQ *LITTLE GARDEN CAFE,Food & Drink,Sale,-14.95,,2025-09-25,SQ *LITTLE GARDEN CAFE,-14.95,14.95,14.95,Food & Drink,my_bank_statement_copy
09/25/2025,09/28/2025,SHELL OIL 57425436300,Gas,Sale,-39.33,,2025-09-25,SHELL OIL 57425436300,-39.33,39.33,39.33,Gas,my_bank_statement_copy
09/25/2025,09/26/2025,SQ *WHISTLEPUNK ICE CREAM,Food & Drink,Sale,-14.66,,2025-09-25,SQ *WHISTLEPUNK ICE CREAM,-14.66,14.66,14.66,Food & Drink,my_bank_statement_copy
09/25/2025,09/28/2025,SHELL OIL 57425436300,Gas,Sale,-6.42,,2025-09-25,SHELL OIL 57425436300,-6.42,6.42,6.42,Gas,my_bank_statement_copy
09/25/2025,09/26/2025,CONOCO - DIVINE LIBERT,Gas,Sale,-20.0,,2025-09-25,CONOCO - DIVINE LIBERT,-20.0,20.0,20.0,Gas,my_bank_statement_copy
09/26/2025,09/28/2025,HUDSON ST 1499,Shopping,Sale,-6.6,,2025-09-26,HUDSON ST 1499,-6.6,6.6,6.6,Shopping,my_bank_statement_copy
09/26/2025,09/28/2025,SHELL OIL10005968010,Gas,Sale,-2.18,,2025-09-26,SHELL OIL10005968010,-2.18,2.18,2.18,Gas,my_bank_statement_copy
09/26/2025,09/28/2025,SIXT 9604623277,Travel,Sale,-883.28,,2025-09-26,SIXT 9604623277,-883.28,883.28,883.28,Travel,my_bank_statement_copy
09/26/2025,09/26/2025,LS LEAVENWORTH SHIRT,Shopping,Sale,-7.81,,2025-09-26,LS LEAVENWORTH SHIRT,-7.81,7.81,7.81,Shopping,my_bank_statement_copy
09/26/2025,09/28/2025,ARCO#81686BARAKAH LLC,Gas,Sale,-25.64,,2025-09-26,ARCO#81686BARAKAH LLC,-25.64,25.64,25.64,Gas,my_bank_statement_copy
09/27/2025,09/28/2025,Ghirardelli Chicago,Groceries,Sale,-14.75,,2025-09-27,Ghirardelli Chicago,-14.75,14.75,14.75,Groceries,my_bank_statement_copy
09/28/2025,09/29/2025,TARGET        00032193,Shopping,Sale,-27.09,,2025-09-28,TARGET        00032193,-27.09,27.09,27.09,Shopping,my_bank_statement_copy
09/28/2025,09/30/2025,DOMINO'S 2791,Food & Drink,Sale,-23.13,,2025-09-28,DOMINO'S 2791,-23.13,23.13,23.13,Food & Drink,my_bank_statement_copy
09/28/2025,09/29/2025,TST* LOU MALNATI'S - 56 -,Food & Drink,Sale,-50.17,,2025-09-28,TST* LOU MALNATI'S - 56 -,-50.17,50.17,50.17,Food & Drink,my_bank_statement_copy
09/28/2025,09/28/2025,LYFT   *RIDE FRI 9PM,Travel,Sale,-10.69,,2025-09-28,LYFT   *RIDE FRI 9PM,-10.69,10.69,10.69,Travel,my_bank_statement_copy
09/28/2025,09/29/2025,CLEOPATRA HAIR DESIGNS L,Personal,Sale,-50.0,,2025-09-28,CLEOPATRA HAIR DESIGNS L,-50.0,50.0,50.0,Personal,my_bank_statement_copy
09/29/2025,10/01/2025,TRADER JOE S #706,Groceries,Sale,-73.17,,2025-09-29,TRADER JOE S #706,-73.17,73.17,73.17,Groceries,my_bank_statement_copy
09/29/2025,09/30/2025,TST* HOWL AT THE MOON - C,Food & Drink,Sale,-30.0,,2025-09-29,TST* HOWL AT THE MOON - C,-30.0,30.0,30.0,Food & Drink,my_bank_statement_copy
09/29/2025,09/30/2025,SQ *ALMENDRO CAFE,Food & Drink,Sale,-4.96,,2025-09-29,SQ *ALMENDRO CAFE,-4.96,4.96,4.96,Food & Drink,my_bank_statement_copy
09/29/2025,09/30/2025,LYFT   *RIDE SUN 7PM,Travel,Sale,-17.99,,2025-09-29,LYFT   *RIDE SUN 7PM,-17.99,17.99,17.99,Travel,my_bank_statement_copy
09/29/2025,09/30/2025,LYFT   *RIDE MON 9AM,Travel,Sale,-13.99,,2025-09-29,LYFT   *RIDE MON 9AM,-13.99,13.99,13.99,Travel,my_bank_statement_copy
10/01/2025,10/03/2025,UOFC STUDENT CNTRS PUB,Education,Sale,-24.0,,2025-10-01,UOFC STUDENT CNTRS PUB,-24.0,24.0,24.0,Education,my_bank_statement_copy
10/01/2025,10/02/2025,SQ *HWM SERVICE CORP. DBA,Food & Drink,Sale,-7.5,,2025-10-01,SQ *HWM SERVICE CORP. DBA,-7.5,7.5,7.5,Food & Drink,my_bank_statement_copy
10/01/2025,10/01/2025,Payment Thank You-Mobile,,Payment,1156.88,,2025-10-01,Payment Thank You-Mobile,1156.88,0.0,0.0,nan,my_bank_statement_copy
10/01/2025,10/01/2025,UBER   *TRIP,Travel,Sale,-12.38,,2025-10-01,UBER   *TRIP,-12.38,12.38,12.38,Travel,my_bank_statement_copy
10/01/2025,10/02/2025,LYFT   *RIDE TUE 5PM,Travel,Sale,-13.7,,2025-10-01,LYFT   *RIDE TUE 5PM,-13.7,13.7,13.7,Travel,my_bank_statement_copy
10/02/2025,10/03/2025,AMC 9640 ONLINE,Entertainment,Sale,-29.11,,2025-10-02,AMC 9640 ONLINE,-29.11,29.11,29.11,Entertainment,my_bank_statement_copy
10/02/2025,10/03/2025,TARGET        00032193,Shopping,Sale,-13.76,,2025-10-02,TARGET        00032193,-13.76,13.76,13.76,Shopping,my_bank_statement_copy
10/02/2025,10/03/2025,TARGET.COM  *,Shopping,Sale,-2.21,,2025-10-02,TARGET.COM  *,-2.21,2.21,2.21,Shopping,my_bank_statement_copy
10/02/2025,10/05/2025,TRADER JOE S #706,Groceries,Sale,-5.61,,2025-10-02,TRADER JOE S #706,-5.61,5.61,5.61,Groceries,my_bank_statement_copy
10/04/2025,10/06/2025,WHOLEFDS STV #10571,Groceries,Sale,-8.35,,2025-10-04,WHOLEFDS STV #10571,-8.35,8.35,8.35,Groceries,my_bank_statement_copy
10/05/2025,10/06/2025,DIVVYBI*1 RIDE,Travel,Sale,-5.91,,2025-10-05,DIVVYBI*1 RIDE,-5.91,5.91,5.91,Travel,my_bank_statement_copy
10/05/2025,10/05/2025,LYFT   *RIDE SAT 12AM,Travel,Sale,-8.74,,2025-10-05,LYFT   *RIDE SAT 12AM,-8.74,8.74,8.74,Travel,my_bank_statement_copy
10/06/2025,10/07/2025,UBER   *TRIP,Travel,Sale,-11.65,,2025-10-06,UBER   *TRIP,-11.65,11.65,11.65,Travel,my_bank_statement_copy
10/07/2025,10/08/2025,SQ *ALMENDRO CAFE,Food & Drink,Sale,-4.96,,2025-10-07,SQ *ALMENDRO CAFE,-4.96,4.96,4.96,Food & Drink,my_bank_statement_copy
10/07/2025,10/08/2025,PAYRANGE MOBILE,Bills & Utilities,Sale,-25.0,,2025-10-07,PAYRANGE MOBILE,-25.0,25.0,25.0,Bills & Utilities,my_bank_statement_copy
10/07/2025,10/09/2025,TRADER JOE S #706,Groceries,Sale,-68.4,,2025-10-07,TRADER JOE S #706,-68.4,68.4,68.4,Groceries,my_bank_statement_copy
10/08/2025,10/08/2025,COMCAST / XFINITY,Bills & Utilities,Sale,-65.0,,2025-10-08,COMCAST / XFINITY,-65.0,65.0,65.0,Bills & Utilities,my_bank_statement_copy
10/09/2025,10/10/2025,VENTRA MOBILE,Travel,Sale,-5.0,,2025-10-09,VENTRA MOBILE,-5.0,5.0,5.0,Travel,my_bank_statement_copy
10/09/2025,10/10/2025,SHORELINE E-GALAXY,Entertainment,Sale,-48.78,,2025-10-09,SHORELINE E-GALAXY,-48.78,48.78,48.78,Entertainment,my_bank_statement_copy
10/09/2025,10/12/2025,ROSS STORES #1716,Shopping,Sale,-37.46,,2025-10-09,ROSS STORES #1716,-37.46,37.46,37.46,Shopping,my_bank_statement_copy
10/10/2025,10/12/2025,SQ *ALMENDRO CAFE,Food & Drink,Sale,-4.96,,2025-10-10,SQ *ALMENDRO CAFE,-4.96,4.96,4.96,Food & Drink,my_bank_statement_copy
10/10/2025,10/12/2025,STUDENT RETAIL SPACE,Education,Sale,-5.0,,2025-10-10,STUDENT RETAIL SPACE,-5.0,5.0,5.0,Education,my_bank_statement_copy
10/11/2025,10/12/2025,TST*LABRIOLA - CHICAGO 5,Food & Drink,Sale,-57.99,,2025-10-11,TST*LABRIOLA - CHICAGO 5,-57.99,57.99,57.99,Food & Drink,my_bank_statement_copy
10/11/2025,10/13/2025,MACYS   .COM,Shopping,Return,14.32,,2025-10-11,MACYS   .COM,14.32,0.0,0.0,Shopping,my_bank_statement_copy
10/11/2025,10/13/2025,PRIMARK CHICAGO STATE STR,Shopping,Sale,-9.92,,2025-10-11,PRIMARK CHICAGO STATE STR,-9.92,9.92,9.92,Shopping,my_bank_statement_copy
10/12/2025,10/13/2025,DOMINO'S 2869,Food & Drink,Sale,-7.02,,2025-10-12,DOMINO'S 2869,-7.02,7.02,7.02,Food & Drink,my_bank_statement_copy
10/15/2025,10/15/2025,VENTRA MOBILE,Travel,Sale,-10.0,,2025-10-15,VENTRA MOBILE,-10.0,10.0,10.0,Travel,my_bank_statement_copy
10/16/2025,10/17/2025,SQ *DOLLOP HQ,Food & Drink,Sale,-7.59,,2025-10-16,SQ *DOLLOP HQ,-7.59,7.59,7.59,Food & Drink,my_bank_statement_copy
10/16/2025,10/17/2025,WEEE INC.,Groceries,Sale,-48.5,,2025-10-16,WEEE INC.,-48.5,48.5,48.5,Groceries,my_bank_statement_copy
10/18/2025,10/19/2025,EB *8TH ANNUAL GARGOYL,Personal,Sale,-119.48,,2025-10-18,EB *8TH ANNUAL GARGOYL,-119.48,119.48,119.48,Personal,my_bank_statement_copy
10/18/2025,10/19/2025,UBER   *TRIP,Travel,Sale,-10.9,,2025-10-18,UBER   *TRIP,-10.9,10.9,10.9,Travel,my_bank_statement_copy
10/18/2025,10/20/2025,DOMINO'S 2869,Food & Drink,Sale,-26.1,,2025-10-18,DOMINO'S 2869,-26.1,26.1,26.1,Food & Drink,my_bank_statement_copy
10/19/2025,10/20/2025,DD/BR #349441 Q35,Food & Drink,Sale,-11.72,,2025-10-19,DD/BR #349441 Q35,-11.72,11.72,11.72,Food & Drink,my_bank_statement_copy
10/20/2025,10/21/2025,WHOLEFDS HDP#10458,Groceries,Sale,-32.36,,2025-10-20,WHOLEFDS HDP#10458,-32.36,32.36,32.36,Groceries,my_bank_statement_copy
10/21/2025,10/23/2025,PEACHES@UNIVERSITY,Food & Drink,Sale,-2.22,,2025-10-21,PEACHES@UNIVERSITY,-2.22,2.22,2.22,Food & Drink,my_bank_statement_copy
10/23/2025,10/24/2025,WHOLEFDS HDP#10458,Groceries,Sale,-6.6,,2025-10-23,WHOLEFDS HDP#10458,-6.6,6.6,6.6,Groceries,my_bank_statement_copy
